name,id,url,status
Roots & Branches: A History of Yoga,2900094,https://ss.embodiedphilosophy.com/c/roots-branches-a-history-of-yoga,already existed
The Gītā & the Path of Devotion,2900095,https://ss.embodiedphilosophy.com/c/the-gita-the-path-of-devotion,created (hidden)
The Goddess & Śākta Tantra,2900096,https://ss.embodiedphilosophy.com/c/the-goddess-sakta-tantra,created (hidden)
Non-Duality: Vedānta & Kashmir Śaivism,2900097,https://ss.embodiedphilosophy.com/c/non-duality-vedanta-kashmir-saivism,created (hidden)
Indian Philosophy: Paths & Worldviews,2900098,https://ss.embodiedphilosophy.com/c/indian-philosophy-paths-worldviews,created (hidden)
Sanskrit for Yogis,2900099,https://ss.embodiedphilosophy.com/c/sanskrit-for-yogis,created (hidden)
"Esoteric Wisdom: Mystics, Siddhas & Sacred Arts",2900100,https://ss.embodiedphilosophy.com/c/esoteric-wisdom-mystics-siddhas-sacred-arts,created (hidden)
Yoga Philosophy Certificate,2900101,https://ss.embodiedphilosophy.com/c/yoga-philosophy-certificate,created (hidden)
Embodied Yoga Therapy Certificate,2900102,https://ss.embodiedphilosophy.com/c/embodied-yoga-therapy-certificate,created (hidden)
Buddhist Psychology Certificate,2900103,https://ss.embodiedphilosophy.com/c/buddhist-psychology-certificate,created (hidden)
Awakened Body Certificate,2900104,https://ss.embodiedphilosophy.com/c/awakened-body-certificate,created (hidden)
