approve (Y/N/edit),vimeo_folder,videos,hours,upload_gb,years,proposed,circle_space(s)
,(no folder),1185,1481.9,814.0,2016–2026,"MIGRATE 8, DECIDE 1085, SKIP 92","Classical Yoga & the Yoga Sūtras | Death, Dreams & the Luminous Mind | Meditation for Real Life | Sound, Mantra & Sacred Speech"
,Blitz 2023 / Healing Stress - Pilar,11,1.8,2.4,2024,"MIGRATE 8, SKIP 3",Meditation for Real Life
,Buddhist Psychology Cert,19,31.5,12.8,2023,"MIGRATE 1, DECIDE 18","The Subtle Body: Chakras, Prāṇa & Breath"
,EP_Courses,228,447.6,150.9,2017–2021,"MIGRATE 4, DECIDE 224","The Subtle Body: Chakras, Prāṇa & Breath"
,EPTV,100,119.0,57.0,2020,"MIGRATE 1, DECIDE 92, SKIP 7","Sound, Mantra & Sacred Speech"
,Living Room Lectures / Four Pathways - Tantrik Practice,4,5.8,4.3,2025,"MIGRATE 2, DECIDE 2","Meditation for Real Life | Myth, Shadow & the Inner Journey"
,PUBLIC 200-Hour YTT / 3. Fall 2024 Weekly Sessions,8,19.4,10.5,2024,"MIGRATE 1, DECIDE 7",Classical Yoga & the Yoga Sūtras
,PUBLIC 200-Hour YTT / 4. Winter 2025 Weekly Sessions,8,19.5,14.2,2025,"MIGRATE 1, DECIDE 7","The Subtle Body: Chakras, Prāṇa & Breath"
,PUBLIC 200-Hour YTT / 6. Weekend Immersions,22,83.9,72.6,2025,"MIGRATE 2, DECIDE 20","The Subtle Body: Chakras, Prāṇa & Breath"
,Sadhana School / Fall 2025 Sadhana School,11,25.3,19.1,2025,"MIGRATE 1, SUGGEST 10","Death, Dreams & the Luminous Mind | Fall Recordings & Readings"
,Wisdom School 2026 - Pilgrimage,9,13.8,7.7,2026,MIGRATE 9,The Pilgrimage Project 2026
,Wisdom School 2026 - Pilgrimage / Book Club Meet-Ups,2,2.2,1.8,2026,MIGRATE 2,The Pilgrimage Project 2026
,Wisdom School 2026 - Pilgrimage / Hellenism Learning Pathway,4,9.8,7.8,2026,MIGRATE 4,The Pilgrimage Project 2026
,Wisdom School 2026 - Pilgrimage / WS 2026 Weekend Workshops,2,4.8,3.0,2026,MIGRATE 2,Meditation for Real Life | The Pilgrimage Project 2026
,Navaratri Fall 2025,18,8.4,6.6,2025,SUGGEST 18,Navarātri · Recordings & Reflections
,Sadhana School / Spring 2026 Sadhana School,10,25.6,21.3,2026,SUGGEST 10,Spring Recordings & Readings
,Sadhana School / Summer Retreat 2025 SS / Summer Retreat 2025 - NO SLIDES,14,39.1,37.0,2025,SUGGEST 14,Summer Recordings & Readings
,Sadhana School / Winter 2026 Sadhana School,10,22.1,15.7,2026,SUGGEST 10,Winter Recordings & Readings
,Wisdom School 2026 - Pilgrimage / Meditation Mondays,30,27.3,21.9,2026,SUGGEST 30,Meditation Mondays · Library
,10-Year Anniversary,4,10.0,10.3,2025,DECIDE 4,
,2025 Yoga Teacher Training (YTT) / Final Practicum (Not Edited),4,19.2,18.3,2026,DECIDE 4,
,30-Day Chakra Sādhanā,28,23.7,20.3,2024,"DECIDE 27, SKIP 1",
,Animated Teachings,17,0.8,0.5,2020,DECIDE 17,
,Awakened Body Cert On Demand,19,24.7,9.3,2023,DECIDE 19,
,Been in Struggle,4,7.4,3.5,2026,DECIDE 4,
,Blitz 2023 / Beyond the Yoga Studio - Oneika,11,1.2,2.3,2023–2024,"DECIDE 9, SKIP 2",
,Blitz 2023 / Creating Sacred Moments Bhaswati,12,2.2,3.0,2024,"DECIDE 10, SKIP 2",
,Blitz 2023 / Master the Big 4 - Ava Taylor,12,2.1,3.8,2023,"DECIDE 10, SKIP 2",
,Blitz 2023 / Mindfulness in the Workplace,12,1.5,1.8,2024,"DECIDE 8, SKIP 4",
,Body-Mind Integration,4,8.0,2.5,2026,DECIDE 4,
,Chalkboard Yoga Studies,12,4.3,3.9,2024,"DECIDE 10, SKIP 2",
,CHITHEADS - New YouTube Videos,32,32.0,25.1,2017–2025,"DECIDE 28, SKIP 4",
,CHITHEADS - New YouTube Videos / CH - Jacob Kyle (Interv:Kelly B),2,1.8,1.9,2024,DECIDE 2,
,CHITHEADS - New YouTube Videos / CH - Jason Birch,13,5.3,9.7,2024,DECIDE 13,
,CHITHEADS - New YouTube Videos / CH - Shambhavi Sarasvati 2024,3,3.1,3.3,2024,DECIDE 3,
,CHITHEADS - New YouTube Videos / CH - Video Intro to the Podcast,1,0.2,0.4,2024,DECIDE 1,
,Cultural appropriation,13,7.7,1.8,2022–2026,DECIDE 13,
,Deity: A Path to Liberation,4,7.3,5.4,2024,DECIDE 4,
,Dharma and Hatha - Halpern,5,3.0,1.4,2022–2023,DECIDE 5,
,Embodied Activism,4,8.0,3.1,2026,DECIDE 4,
,Embodied Antiracism,8,13.2,8.3,2021,DECIDE 8,
,Embodied Brain,10,10.6,3.2,2026,DECIDE 10,
,Embodied Yoga Therapy,22,18.0,9.0,2023,DECIDE 22,
,Embodied Yoga Therapy / Meet the Faculty Compilation,1,0.1,0.1,2023,DECIDE 1,
,Embodied Yoga Therapy / Recordings of Live Sessions,1,1.1,0.6,2023,DECIDE 1,
,Emotional Alchemy,3,4.5,1.4,2025,DECIDE 3,
,Heart Connections,4,4.7,1.7,2026,DECIDE 4,
,Heather Oblak,7,4.5,5.5,2022,DECIDE 7,
,Information Sessions,1,1.2,1.0,2026,DECIDE 1,
,INSPIRE Yoga Teacher Conference,21,10.7,8.5,2024,DECIDE 21,
,Kirtan at Home with Nina Rao,8,3.4,8.3,2024,DECIDE 8,
,Leslie Kaminoff (London 2024),7,5.7,5.8,2024,DECIDE 7,
,LIVE 2023 Awakened Body Cert,20,34.1,20.5,2023,DECIDE 20,
,MBT Cert 2021/2022 / MBT Trimester One,21,36.7,13.5,2021,DECIDE 21,
,MBT Cert 2021/2022 / MBT Trimester Three,20,28.4,8.3,2021–2022,DECIDE 20,
,MBT Cert 2021/2022 / MBT Trimester Two,26,39.9,13.1,2020–2022,DECIDE 26,
,MBT Meetings,2,2.5,1.0,2020,DECIDE 2,
,Meditation and the Yoga Sutras,4,7.7,3.7,2024,DECIDE 4,
,Meditation Resolution 2024,11,4.3,2.5,2024–2026,DECIDE 11,
,Meditation Resolution 2025,5,5.0,4.2,2025,DECIDE 5,
,Meditation Resolution 2026,5,5.5,3.4,2026,DECIDE 5,
,MindBody Therapy Cert,18,30.0,8.6,2020–2021,"DECIDE 17, SKIP 1",
,MindBody Therapy Cert / Clinical and Dialogue Skills,67,123.3,39.5,2019–2021,DECIDE 67,
,Mini-Trainings: Podcast Series,22,4.1,6.5,2021–2023,"DECIDE 21, SKIP 1",
,My library,1,1.0,1.0,2023,DECIDE 1,
,My library / 30-Day Sadhana - Mantra,23,4.2,9.6,2023–2024,"DECIDE 22, SKIP 1",
,My library / Living Room Lectures 2026,2,3.0,2.3,2026,DECIDE 2,
,Nalanda Event,7,6.3,6.9,2024,DECIDE 7,
,OLD Deity: A Path to Liberation,4,7.3,2.9,2020,DECIDE 4,
,PUBLIC 200-Hour YTT / 1. Pre-Requisite Seminars,2,3.1,1.9,2024–2026,DECIDE 2,
,PUBLIC 200-Hour YTT / 2. Orientation session,1,1.9,1.6,2024,DECIDE 1,
,PUBLIC 200-Hour YTT / 5. Spring 2025 Weekly Sessions,8,20.0,15.6,2025,DECIDE 8,
,PUBLIC 200-Hour YTT / 7. Summer Retreat 2025,14,32.0,25.1,2025,DECIDE 14,
,Radical Theology,2,2.6,1.8,2026,DECIDE 2,
,Re-pairing,4,7.1,3.1,2026,DECIDE 4,
,Sadhana School / Swan Song 2026,21,30.4,34.1,2026,DECIDE 21,
,Sadhana Testimonials,4,0.3,0.6,2024,DECIDE 4,
,SCC videos,40,41.5,35.4,2021,DECIDE 40,
,SEMINARS,11,16.5,6.7,2020–2021,DECIDE 11,
,Shiva Sutras 2024,16,24.5,14.0,2024,"DECIDE 14, SKIP 2",
,SLO - Decoding Ancient Texts,9,1.6,3.1,2024,"DECIDE 6, SKIP 3",
,SLO NEW COURSES / Hari-kirtana das,37,3.9,8.5,2024,DECIDE 37,
,Social Meetings,1,0.9,0.4,2021,DECIDE 1,
,Spiritual activism,22,24.4,19.9,2026,DECIDE 22,
,The Art of Breathing 2024 Tweaks,4,7.6,2.2,2024,DECIDE 4,
,Videos from uscreen,17,19.9,10.9,2026,DECIDE 17,
,Yoga Classes,3,0.0,0.0,2022,"DECIDE 2, SKIP 1",
,Yoga for ecological grief,8,8.2,5.5,2026,DECIDE 8,
,Yoga Phil. Cert,3,5.8,1.5,2021,DECIDE 3,
,Yoga Reconsidered Conference,14,16.1,8.4,2018,DECIDE 14,
,YP CERT 2021/22 / Integration Sessions & Immersion,15,30.7,14.6,2021–2022,DECIDE 15,
,YP CERT 2021/22 / YP Trimester 1,25,52.4,16.9,2021–2022,DECIDE 25,
,YP CERT 2021/22 / YP Trimester 2,23,40.6,13.5,2021–2022,DECIDE 23,
,YP CERT 2021/22 / YP Trimester 3,22,38.5,10.9,2020–2022,DECIDE 22,
,Śaiva Tantra 2024 WS Course,3,2.7,0.8,2024,DECIDE 3,
,Śiva Sūtras,3,5.9,1.9,2026,DECIDE 3,
,Raw Video Files from Camera,9,1.6,4.1,2024,ARCHIVE 9,
,Sadhana School,1,0.0,0.1,2025,ARCHIVE 1,
,Sadhana School / Fall 2024 Sadhana School,5,10.5,5.0,2024–2025,ARCHIVE 5,
,Sadhana School / Fall 2024 Sadhana School / FALL - NO SLIDES,13,23.3,19.3,2025,ARCHIVE 13,
,Sadhana School / Spring 2025 Sadhana School,6,9.2,6.1,2025,ARCHIVE 6,
,Sadhana School / Spring 2025 Sadhana School / Spring - NO SLIDES,8,23.6,25.4,2025–2026,ARCHIVE 8,
,Sadhana School / Winter 2025 Sadhana School,1,3.4,2.1,2025,ARCHIVE 1,
,Sadhana School / Winter 2025 Sadhana School / Winter - NO SLIDES,8,23.1,22.2,2025,ARCHIVE 8,
,Chakras Challenge,1,0.1,0.2,2023,SKIP 1,
,CHITHEADS - New YouTube Videos / Motion Graphic Options,2,0.0,0.0,2024,SKIP 2,
,Embodied Yoga Therapy / Faculty Bios,8,0.1,0.2,2023,SKIP 8,
,EP's New Website,17,1.3,0.5,2021,SKIP 17,
,Sadhana School / Fall 2025 Sadhana School / Fall 2025 - NO SLIDES,9,24.8,25.8,2026,SKIP 9,
,Sadhana School / Spring 2026 Sadhana School / Spring 2026 - NO SLIDES,8,23.4,21.7,2026,SKIP 8,
,Sadhana School / Swan Song 2026 / Swan Song - no slides,21,35.0,40.2,2026,SKIP 21,
,Sadhana School / Winter 2026 Sadhana School / Winter 2026 - NO SLIDES,9,23.5,22.3,2026,SKIP 9,
,SLO - Decoding Ancient Texts / Promo Interview Vids,10,0.3,0.5,2024,SKIP 10,
,SLO - Past Courses Edited / Neil Dalal Course,1,0.0,0.0,2023,SKIP 1,
,SLO Clips for LPs,4,0.1,0.1,2023,SKIP 4,
,Visionary Experience LP,3,0.0,0.0,2023,SKIP 3,
,Yoga Trivia,1,0.0,0.0,2024,SKIP 1,
