programme,type,in_circle,source,kind,expected,found_in_vimeo,status,gb,note
Classical Yoga & the Yoga Sūtras,pathway,yes,1. Origins and Hidden History,talk,1,1,found (topic match),0.9,Approved by Jacob 8 Oct (topic match): Hareesh Wallis; weak match
Classical Yoga & the Yoga Sūtras,pathway,yes,2. Classical Yoga,talk,1,0,not in Vimeo,0,"part of a longer course: Jacob wants whole courses, not single modules (8 Oct)"
Classical Yoga & the Yoga Sūtras,pathway,yes,3. The Five Vṛttis,talk,1,1,found (topic match),0.9,Approved by Jacob 8 Oct (topic match): Nikki Costello on YS 1.2; weak match
Classical Yoga & the Yoga Sūtras,pathway,yes,4. The Eight Limbs,talk,1,1,found (topic match),1.6,Approved by Jacob 8 Oct (topic match): Edwin Bryant; strong match
Classical Yoga & the Yoga Sūtras,pathway,yes,5. The Cause of Suffering,talk,1,1,found (topic match),1.1,Approved by Jacob 8 Oct (topic match): Jaganath Carrera; weak match
Classical Yoga & the Yoga Sūtras,pathway,yes,6. The Yoga Canon,talk,1,1,found,0.7,
Classical Yoga & the Yoga Sūtras,pathway,yes,Sāṃkhya with Jacob Kyle,course,4,4,found,2.0,
Classical Yoga & the Yoga Sūtras,pathway,yes,The Yoga Sūtras with Edwin Bryant,course,8,8,found,17.8,2020 recordings
Classical Yoga & the Yoga Sūtras,pathway,yes,Hidden Teachings of the Yoga Sūtra with Graham Schweig,course,8,8,found,3.7,
Classical Yoga & the Yoga Sūtras,pathway,yes,Yoga Sūtra Meditation with Ramesh Bjonnes & Mary Reilly Nichols,course,4,4,found,3.7,
"The Subtle Body: Chakras, Prāṇa & Breath",pathway,yes,1. Subtle Body Anatomy,talk,1,0,not in Vimeo,0,"part of a longer course: Jacob wants whole courses, not single modules (8 Oct)"
"The Subtle Body: Chakras, Prāṇa & Breath",pathway,yes,2. Neuroecopsychology of the Subtle Body,talk,1,1,found,0.9,
"The Subtle Body: Chakras, Prāṇa & Breath",pathway,yes,3. Chakras Illuminated,talk,5,4,partial,5.6,the full Kajabi course with Hareesh Wallis; Q&A video not found
"The Subtle Body: Chakras, Prāṇa & Breath",pathway,yes,4. Breath Mechanics,talk,1,1,found (topic match),0.4,Approved by Jacob 8 Oct (topic match): Leslie Kaminoff; strong match
"The Subtle Body: Chakras, Prāṇa & Breath",pathway,yes,5. Are the Chakras Real or Imaginary?,talk,1,1,found (topic match),1.0,"Approved by Jacob 8 Oct (topic match): Hareesh Wallis, How to Talk about the Chakras; strong match"
"The Subtle Body: Chakras, Prāṇa & Breath",pathway,yes,Prāṇa & the Energy Body with Mary Reilly Nichols,course,3,3,found,1.5,"titled ""prana 2–4""; same length as Art of Breathing modules 2–4"
"The Subtle Body: Chakras, Prāṇa & Breath",pathway,yes,Haṭha Yoga Texts with Zoë Slatoff,course,2,2,found,0.8,2021/22 cohort recording (Jacob: use the more recent)
"Sound, Mantra & Sacred Speech",pathway,yes,1. The Science of Mantras,talk,1,0,not in Vimeo,0,
"Sound, Mantra & Sacred Speech",pathway,yes,2. The Sound Bath Experience,talk,1,1,found,0.9,guess: one of three sound baths
"Sound, Mantra & Sacred Speech",pathway,yes,3. Yoga of Sound,talk,1,1,found,1.8,
"Sound, Mantra & Sacred Speech",pathway,yes,4. Sanskrit Chanting,talk,1,1,found,0.4,
"Sound, Mantra & Sacred Speech",pathway,yes,5. Om Namah Shivaya: Why Mantra Matters,talk,1,1,found,0.7,
"Sound, Mantra & Sacred Speech",pathway,yes,Introduction to the Vedas with Katy Jane,course,1,2,found,1.0,Kajabi has 1 video; Vimeo has 2 modules
"Sound, Mantra & Sacred Speech",pathway,yes,Mantra Recitation with Jacob Kyle,course,2,1,partial,0.5,
"Sound, Mantra & Sacred Speech",pathway,yes,Lalitā Sahasranāma with Kavitha Chinnaiyan,course,1,1,found,1.0,
Meditation for Real Life,pathway,yes,1. The Benefits of a Meditation Practice,talk,1,1,found,0.3,
Meditation for Real Life,pathway,yes,2. Spiritual Microdosing,talk,1,1,found,0.9,
Meditation for Real Life,pathway,yes,"3. Working with Metaphor, Mantra & Meditation",talk,1,1,found,1.8,
Meditation for Real Life,pathway,yes,4. Healing Stress,talk,8,8,found,2.3,"Pilar Jennings, 8 short classes"
Meditation for Real Life,pathway,yes,Contemplative Psychology: the Four Noble Truths,course,6,1,partial,1.0,only 1 of 6 found; guided meditations not found
Meditation for Real Life,pathway,yes,Yoga & Contemplative Science,course,2,2,found,0.7,
"Death, Dreams & the Luminous Mind",pathway,yes,1. Study the Tibetan Book of the Dead: Stages of Dissolution,talk,1,1,found,1.1,
"Death, Dreams & the Luminous Mind",pathway,yes,2. Emptiness and Luminosity,talk,1,1,found (topic match),0.9,Approved by Jacob 8 Oct (topic match): Orgyen Chowang Rinpoche; weak match
"Death, Dreams & the Luminous Mind",pathway,yes,3. Dream Yoga,talk,1,1,found,2.7,from Fall 2025 Sādhana School
"Death, Dreams & the Luminous Mind",pathway,yes,Tibetan Buddhism: A Path of Becoming Fully Human,course,4,4,found,3.7,
"Death, Dreams & the Luminous Mind",pathway,yes,Yoga & Buddhism with Tias Little,course,2,2,found,0.7,2021/22 cohort recording (Jacob: use the more recent)
"Myth, Shadow & the Inner Journey",pathway,yes,1. The Call to Depth,talk,1,1,found,1.0,Pilgrimage 2026 lecture
"Myth, Shadow & the Inner Journey",pathway,yes,2. Crossing the Threshold,talk,1,1,found,0.8,Pilgrimage 2026 lecture
"Myth, Shadow & the Inner Journey",pathway,yes,3. The Descent into the Shadow,talk,1,1,found,0.7,Pilgrimage 2026 lecture
"Myth, Shadow & the Inner Journey",pathway,yes,4. Revelation,talk,1,1,found,1.4,Pilgrimage 2026 lecture
"Myth, Shadow & the Inner Journey",pathway,yes,5. The Alchemy of Longing,talk,1,1,found,1.2,
"Myth, Shadow & the Inner Journey",pathway,yes,The Universal Mystic,course,4,4,found,2.5,
"Myth, Shadow & the Inner Journey",pathway,yes,The Purāṇas with Stephanie Corigliano,course,1,1,found,0.7,
Roots & Branches: A History of Yoga,pathway,yes,A Brief History of Yoga with Daniel Simpson,course,4,4,found,1.6,
Roots & Branches: A History of Yoga,pathway,yes,Roots & Branches I with Marcy Braverman Goldstein,course,4,4,found,1.9,
Roots & Branches: A History of Yoga,pathway,yes,Roots & Branches II,course,4,4,found,1.8,
Roots & Branches: A History of Yoga,pathway,yes,Roots & Branches III,course,4,4,found,1.8,
The Gītā & the Path of Devotion,pathway,yes,The Bhagavad Gītā,course,8,8,found,3.7,
The Gītā & the Path of Devotion,pathway,yes,Bhakti Yoga,course,9,9,found,7.2,
The Gītā & the Path of Devotion,pathway,yes,Bhakti Poetry,course,4,0,not in Vimeo,0,
The Gītā & the Path of Devotion,pathway,yes,Vaiṣṇava Bhakti with Robert Lindsey,course,2,2,found,0.9,2021/22 cohort recording (Jacob: use the more recent)
The Goddess & Śākta Tantra,pathway,yes,Foundations of Tantra,course,4,4,found,3.9,
The Goddess & Śākta Tantra,pathway,yes,Śākta Tantra with Laura Amazzone,course,2,2,found,1.2,2021/22 cohort recording (Jacob: use the more recent)
The Goddess & Śākta Tantra,pathway,yes,The 10 Goddesses of Transcendent Wisdom,course,5,5,found,3.8,
The Goddess & Śākta Tantra,pathway,yes,Navarātri: the Devī Māhātmya,course,4,4,found,3.5,
The Goddess & Śākta Tantra,pathway,yes,Yogini Mandalas,course,4,4,found,3.3,
Non-Duality: Vedānta & Kashmir Śaivism,pathway,yes,Upaniṣads & Vedānta Sūtras,course,8,8,found,16.1,"guess: 2021 Upaniṣads course, 8 × 3 hours"
Non-Duality: Vedānta & Kashmir Śaivism,pathway,yes,Nonduality: Advaita Vedānta,course,4,4,found,1.4,guess
Non-Duality: Vedānta & Kashmir Śaivism,pathway,yes,I Am That,course,4,4,found,2.1,
Non-Duality: Vedānta & Kashmir Śaivism,pathway,yes,Advaita Vedānta,course,2,2,found,1.5,
Non-Duality: Vedānta & Kashmir Śaivism,pathway,yes,Śiva Sūtras,course,3,3,found,1.9,the 2024 Śiva Sūtras course (16 videos) is another option
Indian Philosophy: Paths & Worldviews,pathway,yes,Starting Points with Jacob Kyle & Stephanie Corigliano,course,2,2,found,1.5,"Sept 2020 ""Intro to (Yoga) Philosophy""; confirm"
Indian Philosophy: Paths & Worldviews,pathway,yes,Indian Philosophy: Paths & Worldviews,course,8,8,found,8.2,
Indian Philosophy: Paths & Worldviews,pathway,yes,The Upaniṣads with Daniel Simpson,course,2,1,partial,0.5,only module 2 found
Indian Philosophy: Paths & Worldviews,pathway,yes,Ethical Questions with Daniel Simpson,course,2,2,found,1.1,2021/22 cohort recording (Jacob: use the more recent)
Sanskrit for Yogis,pathway,yes,Introduction to Sanskrit,course,4,4,found,1.1,the 2020 version only has modules 3–4 in Vimeo
Sanskrit for Yogis,pathway,yes,Sanskrit Level 2,course,8,9,found,2.9,"Vimeo has 9 modules, Kajabi lists 8"
Sanskrit for Yogis,pathway,yes,The Sanskrit Seminar,course,9,9,found,2.9,
"Esoteric Wisdom: Mystics, Siddhas & Sacred Arts",pathway,yes,Shamans & Siddhas,course,5,5,found,5.1,
"Esoteric Wisdom: Mystics, Siddhas & Sacred Arts",pathway,yes,The Universal Mystic,course,0,0,n/a,0,"same course as in Myth, Shadow: upload once, link from both"
"Esoteric Wisdom: Mystics, Siddhas & Sacred Arts",pathway,yes,Deity: The Path to Liberation,course,4,4,found,5.4,"an older version is in ""OLD Deity"""
Embodied Yoga Therapy Certificate,certificate,yes,Embodied Yoga Therapy (2023),cohort,0,23,found,9.5,faculty bio clips left out
Buddhist Psychology Certificate,certificate,yes,Buddhist Psychology Cert (2023),cohort,0,19,found,12.8,"a 2017 Kajabi course ""Buddhist Psychology & Contemplative Psychotherapy"" (4) also exists"
Yoga Philosophy Certificate,certificate,yes,Yoga Philosophy certificate course (30 h),cohort,1,0,not in Vimeo,0,"source: Uscreen collection 2193472 (Jacob, 8 Oct); also the YTT plug-in"
Awakened Body Certificate,certificate,yes,Awakened Body Cert On Demand,cohort,0,19,found,9.3,"the more recent version (Jun 2023), per Jacob"
