approve (Y/N/edit),programme,circle_space_id,circle_section,order,lesson_title,source,status,vimeo_id,vimeo_title,vimeo_folder,duration,upload_gb,notes
,Classical Yoga & the Yoga Sūtras,2897811,1. Origins and Hidden History,,,1. Origins and Hidden History,MISSING: get from Kajabi/Uscreen,,,,,,
,Classical Yoga & the Yoga Sūtras,2897811,2. Classical Yoga,1,Week 2 - Classical Yoga Philosophy - Sāṃkhya and Yoga Darṣana,2. Classical Yoga,found,1026665599,Week 2 - Classical Yoga Philosophy - Sāṃkhya and Yoga Darṣana,PUBLIC 200-Hour YTT / 3. Fall 2024 Weekly Sessions,2:26:56,1.1,"guess: a 2½-hour YTT session, not a short talk"
,Classical Yoga & the Yoga Sūtras,2897811,3. The Five Vṛttis,,,3. The Five Vṛttis,MISSING: get from Kajabi/Uscreen,,,,,,
,Classical Yoga & the Yoga Sūtras,2897811,4. The Eight Limbs,,,4. The Eight Limbs,MISSING: get from Kajabi/Uscreen,,,,,,
,Classical Yoga & the Yoga Sūtras,2897811,5. The Cause of Suffering,,,5. The Cause of Suffering,MISSING: get from Kajabi/Uscreen,,,,,,
,Classical Yoga & the Yoga Sūtras,2897811,6. The Yoga Canon,1,The Yoga Canon Seminar,6. The Yoga Canon,found,1016554463,The Yoga Canon Seminar,(no folder),1:41:12,0.71,
,Classical Yoga & the Yoga Sūtras,2897811,7. Sāṃkhya with Jacob Kyle,1,Samkhya Philosophy - Module 1,Sāṃkhya with Jacob Kyle,found,405914311,Samkhya Philosophy - Module 1,EP_Courses,1:51:39,0.399,
,Classical Yoga & the Yoga Sūtras,2897811,7. Sāṃkhya with Jacob Kyle,2,Samkhya Philosophy - Module 2,Sāṃkhya with Jacob Kyle,found,405917206,Samkhya Philosophy - Module 2,EP_Courses,2:03:23,0.479,
,Classical Yoga & the Yoga Sūtras,2897811,7. Sāṃkhya with Jacob Kyle,3,Samkhya Philosophy - Module 3,Sāṃkhya with Jacob Kyle,found,405921911,Samkhya Philosophy - Module 3,EP_Courses,1:59:18,0.488,
,Classical Yoga & the Yoga Sūtras,2897811,7. Sāṃkhya with Jacob Kyle,4,Samkhya Philosophy - Module 4,Sāṃkhya with Jacob Kyle,found,405926623,Samkhya Philosophy - Module 4,EP_Courses,2:29:25,0.642,
,Classical Yoga & the Yoga Sūtras,2897811,8. The Yoga Sūtras with Edwin Bryant,1,Yoga Sutras of Patanjali - Module 2,The Yoga Sūtras with Edwin Bryant,partial,472881973,Yoga Sutras of Patanjali - Module 2,(no folder),2:53:28,2.381,2020 recordings
,Classical Yoga & the Yoga Sūtras,2897811,8. The Yoga Sūtras with Edwin Bryant,2,Yoga Sutras of Patanjali - Module 3,The Yoga Sūtras with Edwin Bryant,partial,478042111,Yoga Sutras of Patanjali - Module 3,(no folder),2:49:57,2.283,2020 recordings
,Classical Yoga & the Yoga Sūtras,2897811,8. The Yoga Sūtras with Edwin Bryant,3,Yoga Sutras - Module 4,The Yoga Sūtras with Edwin Bryant,partial,480660808,Yoga Sutras - Module 4,(no folder),3:04:57,2.456,2020 recordings
,Classical Yoga & the Yoga Sūtras,2897811,8. The Yoga Sūtras with Edwin Bryant,4,Yoga Sutras Module 5,The Yoga Sūtras with Edwin Bryant,partial,486387253,Yoga Sutras Module 5,(no folder),3:06:47,2.37,2020 recordings
,Classical Yoga & the Yoga Sūtras,2897811,8. The Yoga Sūtras with Edwin Bryant,5,Yoga Sutras of Patanjali - Module 6 - Video,The Yoga Sūtras with Edwin Bryant,partial,488953996,Yoga Sutras of Patanjali - Module 6 - Video,(no folder),3:11:51,1.972,2020 recordings
,Classical Yoga & the Yoga Sūtras,2897811,8. The Yoga Sūtras with Edwin Bryant,6,Yoga Sutras - Module 7 - Video,The Yoga Sūtras with Edwin Bryant,partial,491595469,Yoga Sutras - Module 7 - Video,(no folder),3:19:30,2.55,2020 recordings
,Classical Yoga & the Yoga Sūtras,2897811,8. The Yoga Sūtras with Edwin Bryant,7,Yoga Sutras - Module 8 - Video,The Yoga Sūtras with Edwin Bryant,partial,492483058,Yoga Sutras - Module 8 - Video,(no folder),3:29:38,2.448,2020 recordings
,Classical Yoga & the Yoga Sūtras,2897811,9. Hidden Teachings of the Yoga Sūtra with Graham Schweig,1,Hidden Teachings of the Yoga Sūtras - Module 1,Hidden Teachings of the Yoga Sūtra with Graham Schweig,found,403552551,Hidden Teachings of the Yoga Sūtras - Module 1,EP_Courses,1:54:52,0.453,
,Classical Yoga & the Yoga Sūtras,2897811,9. Hidden Teachings of the Yoga Sūtra with Graham Schweig,2,Hidden Teachings of the Yoga Sūtras - Module 2,Hidden Teachings of the Yoga Sūtra with Graham Schweig,found,403557299,Hidden Teachings of the Yoga Sūtras - Module 2,EP_Courses,1:56:01,0.424,
,Classical Yoga & the Yoga Sūtras,2897811,9. Hidden Teachings of the Yoga Sūtra with Graham Schweig,3,Hidden Teachings of the Yoga Sūtras - Module 3,Hidden Teachings of the Yoga Sūtra with Graham Schweig,found,403559684,Hidden Teachings of the Yoga Sūtras - Module 3,EP_Courses,1:57:21,0.428,
,Classical Yoga & the Yoga Sūtras,2897811,9. Hidden Teachings of the Yoga Sūtra with Graham Schweig,4,Hidden Teachings of the Yoga Sūtras - Module 4,Hidden Teachings of the Yoga Sūtra with Graham Schweig,found,403562421,Hidden Teachings of the Yoga Sūtras - Module 4,EP_Courses,1:59:06,0.53,
,Classical Yoga & the Yoga Sūtras,2897811,9. Hidden Teachings of the Yoga Sūtra with Graham Schweig,5,Hidden Teachings of the Yoga Sūtras - Module 5,Hidden Teachings of the Yoga Sūtra with Graham Schweig,found,403566016,Hidden Teachings of the Yoga Sūtras - Module 5,EP_Courses,1:57:23,0.489,
,Classical Yoga & the Yoga Sūtras,2897811,9. Hidden Teachings of the Yoga Sūtra with Graham Schweig,6,Hidden Teachings of the Yoga Sūtras - Module 6,Hidden Teachings of the Yoga Sūtra with Graham Schweig,found,403567577,Hidden Teachings of the Yoga Sūtras - Module 6,EP_Courses,1:52:00,0.456,
,Classical Yoga & the Yoga Sūtras,2897811,9. Hidden Teachings of the Yoga Sūtra with Graham Schweig,7,Hidden Teachings of the Yoga Sūtras - Module 7,Hidden Teachings of the Yoga Sūtra with Graham Schweig,found,403568598,Hidden Teachings of the Yoga Sūtras - Module 7,EP_Courses,1:58:02,0.486,
,Classical Yoga & the Yoga Sūtras,2897811,9. Hidden Teachings of the Yoga Sūtra with Graham Schweig,8,Hidden Teachings of the Yoga Sūtras - Module 8,Hidden Teachings of the Yoga Sūtra with Graham Schweig,found,403571189,Hidden Teachings of the Yoga Sūtras - Module 8,EP_Courses,1:46:01,0.435,
,Classical Yoga & the Yoga Sūtras,2897811,10. Yoga Sūtra Meditation with Ramesh Bjonnes & Mary Reilly Nichols,1,Yoga Sutra Meditation - Module 1,Yoga Sūtra Meditation with Ramesh Bjonnes & Mary Reilly Nichols,found,910583034,Yoga Sutra Meditation - Module 1,Meditation and the Yoga Sutras,2:03:28,0.867,
,Classical Yoga & the Yoga Sūtras,2897811,10. Yoga Sūtra Meditation with Ramesh Bjonnes & Mary Reilly Nichols,2,Yoga Sutra Meditation - Module 2,Yoga Sūtra Meditation with Ramesh Bjonnes & Mary Reilly Nichols,found,910584215,Yoga Sutra Meditation - Module 2,Meditation and the Yoga Sutras,1:41:38,1.1,
,Classical Yoga & the Yoga Sūtras,2897811,10. Yoga Sūtra Meditation with Ramesh Bjonnes & Mary Reilly Nichols,3,Yoga Sutra Meditation - Module 3,Yoga Sūtra Meditation with Ramesh Bjonnes & Mary Reilly Nichols,found,910586312,Yoga Sutra Meditation - Module 3,Meditation and the Yoga Sutras,1:50:16,0.875,
,Classical Yoga & the Yoga Sūtras,2897811,10. Yoga Sūtra Meditation with Ramesh Bjonnes & Mary Reilly Nichols,4,Yoga Sutra Meditation - Module 4,Yoga Sūtra Meditation with Ramesh Bjonnes & Mary Reilly Nichols,found,910588371,Yoga Sutra Meditation - Module 4,Meditation and the Yoga Sutras,2:05:02,0.901,
,"The Subtle Body: Chakras, Prāṇa & Breath",2897812,1. Subtle Body Anatomy,1,Week 4 - Subtle Body Anatomy,1. Subtle Body Anatomy,found,1055773645,Week 4 - Subtle Body Anatomy,PUBLIC 200-Hour YTT / 4. Winter 2025 Weekly Sessions,2:14:36,1.854,guess: YTT session
,"The Subtle Body: Chakras, Prāṇa & Breath",2897812,2. Neuroecopsychology of the Subtle Body,1,Neuroecopsychology of the Subtle Body,2. Neuroecopsychology of the Subtle Body,found,827779144,Neuroecopsychology of the Subtle Body,Buddhist Psychology Cert,1:23:41,0.852,
,"The Subtle Body: Chakras, Prāṇa & Breath",2897812,4. Breath Mechanics,1,17. Breath Mechanics - Breath + The Central Channel,4. Breath Mechanics,found,1136787753,17. Breath Mechanics - Breath + The Central Channel,PUBLIC 200-Hour YTT / 6. Weekend Immersions,3:59:35,5.109,"guess: YTT weekend, 4 hours; 5.1 GB at 1080p: over Circle’s 4 GB limit, upload 720p"
,"The Subtle Body: Chakras, Prāṇa & Breath",2897812,5. Are the Chakras Real or Imaginary?,,,5. Are the Chakras Real or Imaginary?,MISSING: get from Kajabi/Uscreen,,,,,,
,"The Subtle Body: Chakras, Prāṇa & Breath",2897812,6. Chakras Illuminated with Hareesh Wallis,1,Chakras Illuminated - Module 1,Chakras Illuminated with Hareesh Wallis,partial,465504448,Chakras Illuminated - Module 1,EP_Courses,2:08:18,1.368,Q&A video not found
,"The Subtle Body: Chakras, Prāṇa & Breath",2897812,6. Chakras Illuminated with Hareesh Wallis,2,Chakras Illuminated - Module 2,Chakras Illuminated with Hareesh Wallis,partial,465508270,Chakras Illuminated - Module 2,EP_Courses,2:16:55,1.094,Q&A video not found
,"The Subtle Body: Chakras, Prāṇa & Breath",2897812,6. Chakras Illuminated with Hareesh Wallis,3,Chakras Illuminated - Module 3,Chakras Illuminated with Hareesh Wallis,partial,465512215,Chakras Illuminated - Module 3,EP_Courses,2:12:31,1.486,Q&A video not found
,"The Subtle Body: Chakras, Prāṇa & Breath",2897812,6. Chakras Illuminated with Hareesh Wallis,4,Chakras Illuminated - Module 4,Chakras Illuminated with Hareesh Wallis,partial,465516168,Chakras Illuminated - Module 4,EP_Courses,2:29:57,1.638,Q&A video not found
,"The Subtle Body: Chakras, Prāṇa & Breath",2897812,7. Prāṇa & the Energy Body with Mary Reilly Nichols,,,Prāṇa & the Energy Body with Mary Reilly Nichols,MISSING: get from Kajabi/Uscreen,,,,,,
,"The Subtle Body: Chakras, Prāṇa & Breath",2897812,8. Haṭha Yoga Texts with Zoë Slatoff,1,Hatha Yoga Texts Module 1,Haṭha Yoga Texts with Zoë Slatoff,found,539654408,Hatha Yoga Texts Module 1,Yoga Phil. Cert,1:55:15,0.539,2021 recordings; a 2022 cohort version also exists
,"The Subtle Body: Chakras, Prāṇa & Breath",2897812,8. Haṭha Yoga Texts with Zoë Slatoff,2,Hatha Yoga Texts Module 2,Haṭha Yoga Texts with Zoë Slatoff,found,542473386,Hatha Yoga Texts Module 2,Yoga Phil. Cert,1:52:25,0.506,2021 recordings; a 2022 cohort version also exists
,"Sound, Mantra & Sacred Speech",2897813,1. The Science of Mantras,,,1. The Science of Mantras,MISSING: get from Kajabi/Uscreen,,,,,,
,"Sound, Mantra & Sacred Speech",2897813,2. The Sound Bath Experience,1,Sound Bath for Peace in Uncertain Times,2. The Sound Bath Experience,found,731151720,Sound Bath for Peace in Uncertain Times,(no folder),0:29:53,0.931,guess: one of three sound baths
,"Sound, Mantra & Sacred Speech",2897813,3. Yoga of Sound,1,"Yoga of Sound Seminar - January 5, 2021",3. Yoga of Sound,found,663053075,"Yoga of Sound Seminar - January 5, 2021.mp4",(no folder),1:46:05,1.829,
,"Sound, Mantra & Sacred Speech",2897813,4. Sanskrit Chanting,1,Seminar: Sanskrit Chanting,4. Sanskrit Chanting,found,562574035,Seminar: Sanskrit Chanting,(no folder),1:24:03,0.357,
,"Sound, Mantra & Sacred Speech",2897813,5. Om Namah Shivaya: Why Mantra Matters,1,Om Namah Shivaya - Why mantra matters and how to practice it (Nataraj Chaitanya),5. Om Namah Shivaya: Why Mantra Matters,found,401656218,Om Namah Shivaya - Why mantra matters and how to practice it (Nataraj Chaitanya),EPTV,1:39:50,0.677,
,"Sound, Mantra & Sacred Speech",2897813,6. Introduction to the Vedas with Katy Jane,1,Module 1: Intro to the Vedas,Introduction to the Vedas with Katy Jane,found,617618353,Module 1: Intro to the Vedas,YP CERT 2021/22 / YP Trimester 1,1:56:18,0.471,Kajabi has 1 video; Vimeo has 2 modules
,"Sound, Mantra & Sacred Speech",2897813,6. Introduction to the Vedas with Katy Jane,2,Module 2: Intro to the Vedas,Introduction to the Vedas with Katy Jane,found,619660649,Module 2: Intro to the Vedas,YP CERT 2021/22 / YP Trimester 1,2:00:51,0.514,Kajabi has 1 video; Vimeo has 2 modules
,"Sound, Mantra & Sacred Speech",2897813,7. Mantra Recitation with Jacob Kyle,1,yp-mantra-recitation-10-7-20,Mantra Recitation with Jacob Kyle,partial,465983407,yp-mantra-recitation-10-7-20,(no folder),1:20:29,0.501,
,"Sound, Mantra & Sacred Speech",2897813,8. Lalitā Sahasranāma with Kavitha Chinnaiyan,1,Lalita Seminar,Lalitā Sahasranāma with Kavitha Chinnaiyan,found,536926861,Lalita Seminar,YP CERT 2021/22 / YP Trimester 2,1:34:39,0.985,
,Meditation for Real Life,2897437,1. The Benefits of a Meditation Practice,1,The Benefits of a Meditation Practice,1. The Benefits of a Meditation Practice,found,631243254,The Benefits of a Meditation Practice,(no folder),0:10:12,0.272,
,Meditation for Real Life,2897437,2. Spiritual Microdosing,1,"Spiritual Microdosing- How to Weave Short, Potent Practices into Everyday Life",2. Spiritual Microdosing,found,1128046946,"Spiritual Microdosing- How to Weave Short, Potent Practices into Everyday Life",Living Room Lectures / Four Pathways - Tantrik Practice,1:36:58,0.911,
,Meditation for Real Life,2897437,"3. Working with Metaphor, Mantra & Meditation",1,"Working with Metaphor, Mantra, and Meditation (Workshop March 22)","3. Working with Metaphor, Mantra & Meditation",found,1176391516,"Working with Metaphor, Mantra, and Meditation (Workshop March 22)",Wisdom School 2026 - Pilgrimage / WS 2026 Weekend Workshops,2:28:41,1.76,
,Meditation for Real Life,2897437,4. Healing Stress,1,"Class 1  Three components of anxiety  Neurobiological, Psychological & Spiritual Pilar Jennings V1 ACC",4. Healing Stress,found,899959348,"Class 1_ Three components of anxiety_ Neurobiological, Psychological & Spiritual_Pilar Jennings_V1 ACC",Blitz 2023 / Healing Stress - Pilar,0:09:32,0.244,"Pilar Jennings, 8 short classes"
,Meditation for Real Life,2897437,4. Healing Stress,2,Class 2  Mind & its Developmental Formation  Links to early anxiety Pilar Jennings V1  ACC,4. Healing Stress,found,899959719,Class 2_ Mind & its Developmental Formation_ Links to early anxiety_Pilar Jennings_V1 _ACC,Blitz 2023 / Healing Stress - Pilar,0:10:48,0.246,"Pilar Jennings, 8 short classes"
,Meditation for Real Life,2897437,4. Healing Stress,3,Class 3  Healing Relational Sources of anxiety Pilar Jennings V1 ACC,4. Healing Stress,found,899960117,Class 3_ Healing Relational Sources of anxiety_Pilar Jennings_V1_ACC,Blitz 2023 / Healing Stress - Pilar,0:11:36,0.265,"Pilar Jennings, 8 short classes"
,Meditation for Real Life,2897437,4. Healing Stress,4,Class 4  Why & How a separate self develops  Buddhist origins of anxiety Pilar Jennings V1 ACC,4. Healing Stress,found,899960552,Class 4_ Why & How a separate self develops_ Buddhist origins of anxiety_Pilar Jennings_V1_ACC,Blitz 2023 / Healing Stress - Pilar,0:12:39,0.305,"Pilar Jennings, 8 short classes"
,Meditation for Real Life,2897437,4. Healing Stress,5,Class 5  Healing Existential & Spiritual sources of anxiety Pilar Jennings V1 ACC,4. Healing Stress,found,899961088,Class 5_ Healing Existential & Spiritual sources of anxiety_Pilar Jennings_V1_ACC,Blitz 2023 / Healing Stress - Pilar,0:13:36,0.278,"Pilar Jennings, 8 short classes"
,Meditation for Real Life,2897437,4. Healing Stress,6,Class 6  Building a Bridge  Contemplative Psychotherapy and its methods for reducing anxiety Pilar Jennings V1 ACC,4. Healing Stress,found,899961799,Class 6_ Building a Bridge_ Contemplative Psychotherapy and its methods for reducing anxiety_Pilar Jennings_V1_ACC,Blitz 2023 / Healing Stress - Pilar,0:13:34,0.288,"Pilar Jennings, 8 short classes"
,Meditation for Real Life,2897437,4. Healing Stress,7,"Class 7  Linking Self, early development, & Somatic Responses to anxiety Pilar Jennings V1 ACC",4. Healing Stress,found,899962236,"Class 7_ Linking Self, early development, & Somatic Responses to anxiety_Pilar Jennings_V1_ACC",Blitz 2023 / Healing Stress - Pilar,0:14:15,0.325,"Pilar Jennings, 8 short classes"
,Meditation for Real Life,2897437,4. Healing Stress,8,Class 8   Healing individual anxiety in an anxious world Pilar Jennings V1 ACC,4. Healing Stress,found,899962574,Class 8 _ Healing individual anxiety in an anxious world_Pilar Jennings_V1_ACC,Blitz 2023 / Healing Stress - Pilar,0:14:11,0.312,"Pilar Jennings, 8 short classes"
,Meditation for Real Life,2897437,5. Contemplative Psychology: the Four Noble Truths,1,Contemplative Psychology 20200629,Contemplative Psychology: the Four Noble Truths,partial,434029347,Contemplative Psychology 20200629,(no folder),1:38:51,0.999,only 1 of 6 found; guided meditations not found
,Meditation for Real Life,2897437,6. Yoga & Contemplative Science,1,Module 1: Yoga & Contemplative Science,Yoga & Contemplative Science,found,707977039,Module 1: Yoga & Contemplative Science,YP CERT 2021/22 / YP Trimester 3,1:26:38,0.446,
,Meditation for Real Life,2897437,6. Yoga & Contemplative Science,2,Module 2: Yoga & Contemplative Science,Yoga & Contemplative Science,found,421161306,Module 2: Yoga & Contemplative Science,YP CERT 2021/22 / YP Trimester 3,1:09:40,0.234,
,"Death, Dreams & the Luminous Mind",2897814,1. Study the Tibetan Book of the Dead: Stages of Dissolution,1,Seminar: Tibetan Book of the Dead,1. Study the Tibetan Book of the Dead: Stages of Dissolution,found,583220238,Seminar: Tibetan Book of the Dead,(no folder),1:56:29,1.072,
,"Death, Dreams & the Luminous Mind",2897814,2. Emptiness and Luminosity,,,2. Emptiness and Luminosity,MISSING: get from Kajabi/Uscreen,,,,,,
,"Death, Dreams & the Luminous Mind",2897814,3. Dream Yoga,1,Dream Yoga,3. Dream Yoga,found,1140133013,Dream Yoga,Sadhana School / Fall 2025 Sadhana School,2:24:11,2.659,from Fall 2025 Sādhana School
,"Death, Dreams & the Luminous Mind",2897814,4. Tibetan Buddhism: A Path of Becoming Fully Human,1,Tibetan Buddhism: A Path of Becoming Fully Human - Module 1,Tibetan Buddhism: A Path of Becoming Fully Human,found,406012855,Tibetan Buddhism: A Path of Becoming Fully Human - Module 1,EP_Courses,1:59:30,0.864,
,"Death, Dreams & the Luminous Mind",2897814,4. Tibetan Buddhism: A Path of Becoming Fully Human,2,Tibetan Buddhism: A Path of Becoming Fully Human - Module 2,Tibetan Buddhism: A Path of Becoming Fully Human,found,406018424,Tibetan Buddhism: A Path of Becoming Fully Human - Module 2,EP_Courses,1:56:55,0.915,
,"Death, Dreams & the Luminous Mind",2897814,4. Tibetan Buddhism: A Path of Becoming Fully Human,3,Tibetan Buddhism: A Path of Becoming Fully Human - Module 3,Tibetan Buddhism: A Path of Becoming Fully Human,found,406024135,Tibetan Buddhism: A Path of Becoming Fully Human - Module 3,EP_Courses,2:05:11,0.925,
,"Death, Dreams & the Luminous Mind",2897814,4. Tibetan Buddhism: A Path of Becoming Fully Human,4,Tibetan Buddhism: A Path of Becoming Fully Human - Module 4,Tibetan Buddhism: A Path of Becoming Fully Human,found,406027302,Tibetan Buddhism: A Path of Becoming Fully Human - Module 4,EP_Courses,1:59:50,0.954,
,"Death, Dreams & the Luminous Mind",2897814,5. Yoga & Buddhism with Tias Little,1,Yoga & Buddhism Module 1 (Video),Yoga & Buddhism with Tias Little,found,553320478,Yoga & Buddhism Module 1 (Video),(no folder),2:03:29,0.881,2021 recordings; a 2022 cohort version also exists
,"Death, Dreams & the Luminous Mind",2897814,5. Yoga & Buddhism with Tias Little,2,Yoga & Buddhism Module 2 (Video),Yoga & Buddhism with Tias Little,found,556414829,Yoga & Buddhism Module 2 (Video),(no folder),1:55:48,0.799,2021 recordings; a 2022 cohort version also exists
,"Myth, Shadow & the Inner Journey",2897815,1. The Call to Depth,1,"The Call to Depth: ""Something in me has stirred..."" (January Lecture)",1. The Call to Depth,found,1153021115,"The Call to Depth: ""Something in me has stirred..."" (January Lecture)",Wisdom School 2026 - Pilgrimage,1:30:57,0.966,Pilgrimage 2026 lecture
,"Myth, Shadow & the Inner Journey",2897815,2. Crossing the Threshold,1,Crossing the Threshold - There’s no turning back now... (March Lecture),2. Crossing the Threshold,found,1170964173,Crossing the Threshold - There’s no turning back now... (March Lecture),Wisdom School 2026 - Pilgrimage,1:29:43,0.773,Pilgrimage 2026 lecture
,"Myth, Shadow & the Inner Journey",2897815,3. The Descent into the Shadow,1,The Descent into the Shadow: “To know light is to experience darkness.” (May Lecture),3. The Descent into the Shadow,found,1189610636,The Descent into the Shadow: “To know light is to experience darkness.” (May Lecture),Wisdom School 2026 - Pilgrimage,1:30:41,0.729,Pilgrimage 2026 lecture
,"Myth, Shadow & the Inner Journey",2897815,4. Revelation,1,Revelation: “Everything I thought I knew is dissolving.” (July Lecture),4. Revelation,found,1213701032,Revelation: “Everything I thought I knew is dissolving.” (July Lecture),Wisdom School 2026 - Pilgrimage,1:51:11,1.404,Pilgrimage 2026 lecture
,"Myth, Shadow & the Inner Journey",2897815,5. The Alchemy of Longing,1,The Alchemy of Longing,5. The Alchemy of Longing,found,1119287925,The Alchemy of Longing,Living Room Lectures / Four Pathways - Tantrik Practice,1:20:12,1.225,
,"Myth, Shadow & the Inner Journey",2897815,6. The Universal Mystic,1,Universal Mystic - Module 1,The Universal Mystic,found,468167816,Universal Mystic - Module 1,EP_Courses,2:01:51,0.574,
,"Myth, Shadow & the Inner Journey",2897815,6. The Universal Mystic,2,Universal Mystic - Module 2,The Universal Mystic,found,468207898,Universal Mystic - Module 2,EP_Courses,2:02:13,0.704,
,"Myth, Shadow & the Inner Journey",2897815,6. The Universal Mystic,3,Universal Mystic - Module 3,The Universal Mystic,found,468211405,Universal Mystic - Module 3,EP_Courses,1:57:59,0.675,
,"Myth, Shadow & the Inner Journey",2897815,6. The Universal Mystic,4,Universal Mystic - Module 4,The Universal Mystic,found,468216701,Universal Mystic - Module 4,EP_Courses,2:00:48,0.55,
,"Myth, Shadow & the Inner Journey",2897815,7. The Purāṇas with Stephanie Corigliano,1,Puranas - Module 1 - Video,The Purāṇas with Stephanie Corigliano,found,534197740,Puranas - Module 1 - Video,(no folder),1:58:20,0.652,
,Roots & Branches: A History of Yoga,to create,A Brief History of Yoga with Daniel Simpson,1,History of Yoga Module1 Video,A Brief History of Yoga with Daniel Simpson,partial,465569514,History of Yoga_Module1_Video,(no folder),1:35:02,0.32,"module 2 is audio only, module 3 missing"
,Roots & Branches: A History of Yoga,to create,A Brief History of Yoga with Daniel Simpson,2,History of Yoga Module 4,A Brief History of Yoga with Daniel Simpson,partial,466404927,History of Yoga Module 4,(no folder),1:53:49,0.406,"module 2 is audio only, module 3 missing"
,Roots & Branches: A History of Yoga,to create,Roots & Branches I with Marcy Braverman Goldstein,1,Roots and Branches of Yoga -Course 1 - Module 1,Roots & Branches I with Marcy Braverman Goldstein,found,465390905,Roots and Branches of Yoga -Course 1 - Module 1,EP_Courses,1:52:55,0.552,
,Roots & Branches: A History of Yoga,to create,Roots & Branches I with Marcy Braverman Goldstein,2,Roots and Branches of Yoga - Course 1 - Module 2,Roots & Branches I with Marcy Braverman Goldstein,found,465384888,Roots and Branches of Yoga - Course 1 - Module 2,EP_Courses,1:56:45,0.505,
,Roots & Branches: A History of Yoga,to create,Roots & Branches I with Marcy Braverman Goldstein,3,Roots and Branches of Yoga - Course 1 - Module 3,Roots & Branches I with Marcy Braverman Goldstein,found,465380721,Roots and Branches of Yoga - Course 1 - Module 3,EP_Courses,1:57:30,0.468,
,Roots & Branches: A History of Yoga,to create,Roots & Branches I with Marcy Braverman Goldstein,4,Roots and Branches of Yoga - Course 1 - Module 4,Roots & Branches I with Marcy Braverman Goldstein,found,465387036,Roots and Branches of Yoga - Course 1 - Module 4,EP_Courses,1:57:29,0.417,
,Roots & Branches: A History of Yoga,to create,Roots & Branches II,1,Roots and Branches of Yoga - Course 2 - Module 1,Roots & Branches II,found,465404727,Roots and Branches of Yoga - Course 2 - Module 1,EP_Courses,2:02:15,0.498,
,Roots & Branches: A History of Yoga,to create,Roots & Branches II,2,Roots and Branches of Yoga - Course 2 -Module 2,Roots & Branches II,found,465406931,Roots and Branches of Yoga - Course 2 -Module 2,EP_Courses,1:58:56,0.436,
,Roots & Branches: A History of Yoga,to create,Roots & Branches II,3,Roots and Branches of Yoga - Course 2 - Module 3,Roots & Branches II,found,465409033,Roots and Branches of Yoga - Course 2 - Module 3,EP_Courses,1:58:20,0.448,
,Roots & Branches: A History of Yoga,to create,Roots & Branches II,4,Roots and Branches of Yoga - Course 2 -Module 4,Roots & Branches II,found,465413171,Roots and Branches of Yoga - Course 2 -Module 4,EP_Courses,2:01:06,0.422,
,Roots & Branches: A History of Yoga,to create,Roots & Branches III,1,Roots and Branches of Yoga - Course 3 - Module 1,Roots & Branches III,found,465443855,Roots and Branches of Yoga - Course 3 - Module 1,EP_Courses,2:02:13,0.451,
,Roots & Branches: A History of Yoga,to create,Roots & Branches III,2,Roots and Branches of Yoga - Course 3 - Module 2,Roots & Branches III,found,465445932,Roots and Branches of Yoga - Course 3 - Module 2,EP_Courses,1:58:29,0.395,
,Roots & Branches: A History of Yoga,to create,Roots & Branches III,3,Roots and Branches of Yoga - Course 3 - Module 3,Roots & Branches III,found,465435343,Roots and Branches of Yoga - Course 3 - Module 3,EP_Courses,2:07:56,0.45,
,Roots & Branches: A History of Yoga,to create,Roots & Branches III,4,Roots and Branches of Yoga - Course 3 - Module 4,Roots & Branches III,found,465439842,Roots and Branches of Yoga - Course 3 - Module 4,EP_Courses,2:22:21,0.47,
,The Gītā & the Path of Devotion,to create,The Bhagavad Gītā,1,The Bhagavad Gita - Module 1,The Bhagavad Gītā,found,406056775,The Bhagavad Gita - Module 1,EP_Courses,1:59:27,0.481,
,The Gītā & the Path of Devotion,to create,The Bhagavad Gītā,2,The Bhagavad Gita - Module 2,The Bhagavad Gītā,found,406056704,The Bhagavad Gita - Module 2,EP_Courses,1:57:19,0.429,
,The Gītā & the Path of Devotion,to create,The Bhagavad Gītā,3,The Bhagavad Gita - Module 3,The Bhagavad Gītā,found,406056615,The Bhagavad Gita - Module 3,EP_Courses,1:58:41,0.432,
,The Gītā & the Path of Devotion,to create,The Bhagavad Gītā,4,The Bhagavad Gita - Module 4,The Bhagavad Gītā,found,406056532,The Bhagavad Gita - Module 4,EP_Courses,1:57:00,0.475,
,The Gītā & the Path of Devotion,to create,The Bhagavad Gītā,5,The Bhagavad Gita - Module 5,The Bhagavad Gītā,found,406056444,The Bhagavad Gita - Module 5,EP_Courses,1:59:52,0.487,
,The Gītā & the Path of Devotion,to create,The Bhagavad Gītā,6,The Bhagavad Gita - Module 6,The Bhagavad Gītā,found,406056358,The Bhagavad Gita - Module 6,EP_Courses,2:04:45,0.426,
,The Gītā & the Path of Devotion,to create,The Bhagavad Gītā,7,The Bhagavad Gita - Module 7,The Bhagavad Gītā,found,406056172,The Bhagavad Gita - Module 7,EP_Courses,2:02:38,0.485,
,The Gītā & the Path of Devotion,to create,The Bhagavad Gītā,8,The Bhagavad Gita - Module 8,The Bhagavad Gītā,found,406056064,The Bhagavad Gita - Module 8,EP_Courses,1:54:54,0.439,
,The Gītā & the Path of Devotion,to create,Bhakti Yoga,1,Bhakti Yoga - Module 1,Bhakti Yoga,found,405970523,Bhakti Yoga - Module 1,EP_Courses,1:55:06,0.716,
,The Gītā & the Path of Devotion,to create,Bhakti Yoga,2,Bhakti Yoga - Module 2,Bhakti Yoga,found,405974131,Bhakti Yoga - Module 2,EP_Courses,2:27:05,0.938,
,The Gītā & the Path of Devotion,to create,Bhakti Yoga,3,Bhakti Yoga - Module 3,Bhakti Yoga,found,405973966,Bhakti Yoga - Module 3,EP_Courses,2:29:52,0.717,
,The Gītā & the Path of Devotion,to create,Bhakti Yoga,4,Bhakti Yoga - Module 4,Bhakti Yoga,found,405973858,Bhakti Yoga - Module 4,EP_Courses,2:08:46,0.826,
,The Gītā & the Path of Devotion,to create,Bhakti Yoga,5,Bhakti Yoga - Module 5,Bhakti Yoga,found,405973699,Bhakti Yoga - Module 5,EP_Courses,2:13:42,0.864,
,The Gītā & the Path of Devotion,to create,Bhakti Yoga,6,Bhakti Yoga - Module 6,Bhakti Yoga,found,405973550,Bhakti Yoga - Module 6,EP_Courses,2:17:09,0.84,
,The Gītā & the Path of Devotion,to create,Bhakti Yoga,7,Bhakti Yoga - Module 7,Bhakti Yoga,found,405973425,Bhakti Yoga - Module 7,EP_Courses,2:16:25,0.868,
,The Gītā & the Path of Devotion,to create,Bhakti Yoga,8,Bhakti Yoga - Module 8,Bhakti Yoga,found,405973315,Bhakti Yoga - Module 8,EP_Courses,1:57:14,0.766,
,The Gītā & the Path of Devotion,to create,Bhakti Yoga,9,Bhakti Yoga - Module 9,Bhakti Yoga,found,405973181,Bhakti Yoga - Module 9,EP_Courses,1:39:08,0.632,
,The Gītā & the Path of Devotion,to create,Bhakti Poetry,,,Bhakti Poetry,MISSING: get from Kajabi/Uscreen,,,,,,
,The Gītā & the Path of Devotion,to create,Vaiṣṇava Bhakti with Robert Lindsey,1,Vaishnava Bhakti - Module 1,Vaiṣṇava Bhakti with Robert Lindsey,found,505343276,Vaishnava Bhakti - Module 1,(no folder),1:50:01,0.5,2021 recordings; a 2022 cohort version also exists
,The Gītā & the Path of Devotion,to create,Vaiṣṇava Bhakti with Robert Lindsey,2,Vaishnava Bhakti - Module 2 (video),Vaiṣṇava Bhakti with Robert Lindsey,found,508127358,Vaishnava Bhakti - Module 2 (video),(no folder),1:44:31,0.621,2021 recordings; a 2022 cohort version also exists
,The Goddess & Śākta Tantra,to create,Foundations of Tantra,1,Foundations of Tantra - Module 1,Foundations of Tantra,found,374726139,Foundations of Tantra - Module 1,EP_Courses,1:48:54,1.236,
,The Goddess & Śākta Tantra,to create,Foundations of Tantra,2,Foundations of Tantra - Module 2,Foundations of Tantra,found,377591272,Foundations of Tantra - Module 2,EP_Courses,2:01:44,0.655,
,The Goddess & Śākta Tantra,to create,Foundations of Tantra,3,Foundations of Tantra - Module 3,Foundations of Tantra,found,379126212,Foundations of Tantra - Module 3,EP_Courses,2:25:10,1.044,
,The Goddess & Śākta Tantra,to create,Foundations of Tantra,4,Foundations of Tantra - Module 4,Foundations of Tantra,found,380542284,Foundations of Tantra - Module 4,EP_Courses,2:34:20,0.928,
,The Goddess & Śākta Tantra,to create,Śākta Tantra with Laura Amazzone,1,Śākta-Tantra-Module-1,Śākta Tantra with Laura Amazzone,found,534986165,Śākta-Tantra-Module-1.mov,(no folder),1:58:42,0.697,2021 recordings; a 2022 cohort version also exists
,The Goddess & Śākta Tantra,to create,Śākta Tantra with Laura Amazzone,2,Shakta Tantra 2 (video),Śākta Tantra with Laura Amazzone,found,538154556,Shakta Tantra 2 (video).mp4,(no folder),2:11:34,0.627,2021 recordings; a 2022 cohort version also exists
,The Goddess & Śākta Tantra,to create,The 10 Goddesses of Transcendent Wisdom,1,The 10 Goddesses - Module 1,The 10 Goddesses of Transcendent Wisdom,found,426262031,The 10 Goddesses - Module 1,EP_Courses,1:51:04,0.873,
,The Goddess & Śākta Tantra,to create,The 10 Goddesses of Transcendent Wisdom,2,The 10 Goddesses - Module 2,The 10 Goddesses of Transcendent Wisdom,found,429367489,The 10 Goddesses - Module 2,EP_Courses,1:22:34,0.512,
,The Goddess & Śākta Tantra,to create,The 10 Goddesses of Transcendent Wisdom,3,The 10 Goddesses - Module 3,The 10 Goddesses of Transcendent Wisdom,found,430800713,The 10 Goddesses - Module 3,EP_Courses,1:58:45,0.747,
,The Goddess & Śākta Tantra,to create,The 10 Goddesses of Transcendent Wisdom,4,The 10 Goddesses - Module 4,The 10 Goddesses of Transcendent Wisdom,found,432869865,The 10 Goddesses - Module 4,EP_Courses,1:49:13,0.892,
,The Goddess & Śākta Tantra,to create,The 10 Goddesses of Transcendent Wisdom,5,The 10 Goddesses - Module 5,The 10 Goddesses of Transcendent Wisdom,found,435097012,The 10 Goddesses - Module 5,EP_Courses,1:43:04,0.758,
,The Goddess & Śākta Tantra,to create,Navarātri: the Devī Māhātmya,1,Navarathri: An Inner Path to Shakti's Realm - Module1,Navarātri: the Devī Māhātmya,found,401514156,Navarathri: An Inner Path to Shakti's Realm - Module1,EP_Courses,1:54:14,0.625,
,The Goddess & Śākta Tantra,to create,Navarātri: the Devī Māhātmya,2,Navarathri: An Inner Path to Shakti's Realm - Module 2,Navarātri: the Devī Māhātmya,found,401515548,Navarathri: An Inner Path to Shakti's Realm - Module 2,EP_Courses,1:45:05,0.996,
,The Goddess & Śākta Tantra,to create,Navarātri: the Devī Māhātmya,3,Navarathri: An Inner Path to Shakti's Realm - Module 3,Navarātri: the Devī Māhātmya,found,401517970,Navarathri: An Inner Path to Shakti's Realm - Module 3,EP_Courses,2:11:12,1.051,
,The Goddess & Śākta Tantra,to create,Navarātri: the Devī Māhātmya,4,Navarathri: An Inner Path to Shakti's Realm - Module 4,Navarātri: the Devī Māhātmya,found,401521862,Navarathri: An Inner Path to Shakti's Realm - Module 4,EP_Courses,2:23:27,0.798,
,The Goddess & Śākta Tantra,to create,Yogini Mandalas,1,Yogini Mandalas - Module 1,Yogini Mandalas,found,406249386,Yogini Mandalas - Module 1,EP_Courses,1:53:10,0.738,
,The Goddess & Śākta Tantra,to create,Yogini Mandalas,2,Yogini Mandalas - Module 2,Yogini Mandalas,found,406251914,Yogini Mandalas - Module 2,EP_Courses,2:02:17,0.802,
,The Goddess & Śākta Tantra,to create,Yogini Mandalas,3,Yogini Mandalas - Module 3,Yogini Mandalas,found,406253619,Yogini Mandalas - Module 3,EP_Courses,1:59:18,0.862,
,The Goddess & Śākta Tantra,to create,Yogini Mandalas,4,Yogini Mandalas - Module 4,Yogini Mandalas,found,406257864,Yogini Mandalas - Module 4,EP_Courses,1:56:39,0.905,
,Non-Duality: Vedānta & Kashmir Śaivism,to create,Upaniṣads & Vedānta Sūtras,1,Upanisads Module 1 Video,Upaniṣads & Vedānta Sūtras,found,516301793,Upanisads Module 1 Video,(no folder),2:50:58,2.201,"guess: 2021 Upaniṣads course, 8 × 3 hours"
,Non-Duality: Vedānta & Kashmir Śaivism,to create,Upaniṣads & Vedānta Sūtras,2,Upanisads - Module 2 - Video,Upaniṣads & Vedānta Sūtras,found,519158290,Upanisads - Module 2 - Video,(no folder),2:38:26,1.989,"guess: 2021 Upaniṣads course, 8 × 3 hours"
,Non-Duality: Vedānta & Kashmir Śaivism,to create,Upaniṣads & Vedānta Sūtras,3,Upanisads - Module 3 - Video,Upaniṣads & Vedānta Sūtras,found,521981909,Upanisads - Module 3 - Video,(no folder),3:01:08,2.121,"guess: 2021 Upaniṣads course, 8 × 3 hours"
,Non-Duality: Vedānta & Kashmir Śaivism,to create,Upaniṣads & Vedānta Sūtras,4,Upanisads Module 4 Video,Upaniṣads & Vedānta Sūtras,found,524994043,Upanisads Module 4 Video,(no folder),3:15:04,2.47,"guess: 2021 Upaniṣads course, 8 × 3 hours"
,Non-Duality: Vedānta & Kashmir Śaivism,to create,Upaniṣads & Vedānta Sūtras,5,Upanisads Module 5 Video,Upaniṣads & Vedānta Sūtras,found,528348882,Upanisads Module 5 Video,(no folder),2:52:04,1.717,"guess: 2021 Upaniṣads course, 8 × 3 hours"
,Non-Duality: Vedānta & Kashmir Śaivism,to create,Upaniṣads & Vedānta Sūtras,6,Upanisads Module 6 Video,Upaniṣads & Vedānta Sūtras,found,531382161,Upanisads Module 6 Video,(no folder),3:01:25,1.398,"guess: 2021 Upaniṣads course, 8 × 3 hours"
,Non-Duality: Vedānta & Kashmir Śaivism,to create,Upaniṣads & Vedānta Sūtras,7,Upanisads Module 7 (Video),Upaniṣads & Vedānta Sūtras,found,533976365,Upanisads Module 7 (Video),(no folder),3:00:53,1.99,"guess: 2021 Upaniṣads course, 8 × 3 hours"
,Non-Duality: Vedānta & Kashmir Śaivism,to create,Upaniṣads & Vedānta Sūtras,8,Upanisads Module 8 (Video),Upaniṣads & Vedānta Sūtras,found,536780723,Upanisads Module 8 (Video),(no folder),3:02:25,2.164,"guess: 2021 Upaniṣads course, 8 × 3 hours"
,Non-Duality: Vedānta & Kashmir Śaivism,to create,Nonduality: Advaita Vedānta,1,Nonduality: Discovering Wholeness - Module 1,Nonduality: Advaita Vedānta,found,401559076,Nonduality: Discovering Wholeness - Module 1,EP_Courses,1:59:25,0.46,guess
,Non-Duality: Vedānta & Kashmir Śaivism,to create,Nonduality: Advaita Vedānta,2,Nonduality: Discovering Wholeness - Module 2,Nonduality: Advaita Vedānta,found,394502338,Nonduality: Discovering Wholeness - Module 2,EP_Courses,2:12:42,0.234,guess
,Non-Duality: Vedānta & Kashmir Śaivism,to create,Nonduality: Advaita Vedānta,3,Nonduality: Discovering Wholeness - Module 3,Nonduality: Advaita Vedānta,found,396055489,Nonduality: Discovering Wholeness - Module 3,EP_Courses,2:21:37,0.249,guess
,Non-Duality: Vedānta & Kashmir Śaivism,to create,Nonduality: Advaita Vedānta,4,Nonduality: Discovering Wholeness - Module 4,Nonduality: Advaita Vedānta,found,401560772,Nonduality: Discovering Wholeness - Module 4,EP_Courses,2:32:42,0.426,guess
,Non-Duality: Vedānta & Kashmir Śaivism,to create,I Am That,1,I Am That - Module 1,I Am That,found,401151438,I Am That - Module 1,EP_Courses,1:55:17,0.423,
,Non-Duality: Vedānta & Kashmir Śaivism,to create,I Am That,2,I Am That -  Module 2,I Am That,found,401152422,I Am That -  Module 2,EP_Courses,1:56:24,0.539,
,Non-Duality: Vedānta & Kashmir Śaivism,to create,I Am That,3,I Am That - Module 3,I Am That,found,401153906,I Am That - Module 3,EP_Courses,1:55:55,0.69,
,Non-Duality: Vedānta & Kashmir Śaivism,to create,I Am That,4,I Am That - Module 4,I Am That,found,401155744,I Am That - Module 4,EP_Courses,1:50:55,0.489,
,Non-Duality: Vedānta & Kashmir Śaivism,to create,Advaita Vedānta,1,Module 1: Advaita Vedanta,Advaita Vedānta,found,506156696,Module 1: Advaita Vedanta,YP CERT 2021/22 / YP Trimester 2,1:51:46,0.496,
,Non-Duality: Vedānta & Kashmir Śaivism,to create,Advaita Vedānta,2,Module 2: Advaita Vedanta,Advaita Vedānta,found,508874473,Module 2: Advaita Vedanta,YP CERT 2021/22 / YP Trimester 2,1:42:00,0.987,
,Non-Duality: Vedānta & Kashmir Śaivism,to create,Śiva Sūtras,1,Module 1 Siva Sutras,Śiva Sūtras,found,1178627567,Module_1_Siva_Sutras,Śiva Sūtras,1:58:44,0.645,the 2024 Śiva Sūtras course (16 videos) is another option
,Non-Duality: Vedānta & Kashmir Śaivism,to create,Śiva Sūtras,2,Module 2 Siva Sutras,Śiva Sūtras,found,1178628492,Module_2_Siva_Sutras,Śiva Sūtras,2:01:24,0.708,the 2024 Śiva Sūtras course (16 videos) is another option
,Non-Duality: Vedānta & Kashmir Śaivism,to create,Śiva Sūtras,3,Module 3 Siva Sutras,Śiva Sūtras,found,1178628934,Module_3_Siva_Sutras,Śiva Sūtras,1:55:16,0.503,the 2024 Śiva Sūtras course (16 videos) is another option
,Indian Philosophy: Paths & Worldviews,to create,Starting Points with Jacob Kyle & Stephanie Corigliano,,,Starting Points with Jacob Kyle & Stephanie Corigliano,MISSING: get from Kajabi/Uscreen,,,,,,
,Indian Philosophy: Paths & Worldviews,to create,Indian Philosophy: Paths & Worldviews,1,Indian Philosophy - Module 1,Indian Philosophy: Paths & Worldviews,found,466211081,Indian Philosophy - Module 1,EP_Courses,1:55:02,1.03,
,Indian Philosophy: Paths & Worldviews,to create,Indian Philosophy: Paths & Worldviews,2,Indian Philosophy - Module 2,Indian Philosophy: Paths & Worldviews,found,466219971,Indian Philosophy - Module 2,EP_Courses,2:11:38,1.233,
,Indian Philosophy: Paths & Worldviews,to create,Indian Philosophy: Paths & Worldviews,3,Indian Philosophy - Module 3,Indian Philosophy: Paths & Worldviews,found,466229224,Indian Philosophy - Module 3,EP_Courses,2:07:20,1.205,
,Indian Philosophy: Paths & Worldviews,to create,Indian Philosophy: Paths & Worldviews,4,Indian Philosophy - Module 4,Indian Philosophy: Paths & Worldviews,found,466245387,Indian Philosophy - Module 4,EP_Courses,2:05:19,0.741,
,Indian Philosophy: Paths & Worldviews,to create,Indian Philosophy: Paths & Worldviews,5,Indian Philosophy - Module 5,Indian Philosophy: Paths & Worldviews,found,467765745,Indian Philosophy - Module 5,EP_Courses,2:13:38,1.302,
,Indian Philosophy: Paths & Worldviews,to create,Indian Philosophy: Paths & Worldviews,6,Indian Philosophy - Module 6,Indian Philosophy: Paths & Worldviews,found,467805061,Indian Philosophy - Module 6,EP_Courses,2:08:15,1.13,
,Indian Philosophy: Paths & Worldviews,to create,Indian Philosophy: Paths & Worldviews,7,Indian Philosophy - Module 7,Indian Philosophy: Paths & Worldviews,found,467762051,Indian Philosophy - Module 7,EP_Courses,2:07:02,0.786,
,Indian Philosophy: Paths & Worldviews,to create,Indian Philosophy: Paths & Worldviews,8,Indian Philosophy - Module 8,Indian Philosophy: Paths & Worldviews,found,467758501,Indian Philosophy - Module 8,EP_Courses,2:11:40,0.764,
,Indian Philosophy: Paths & Worldviews,to create,The Upaniṣads with Daniel Simpson,1,Upanishads Module 2 Video,The Upaniṣads with Daniel Simpson,partial,502452108,Upanishads Module 2 Video,EP_Courses,1:54:14,0.469,only module 2 found
,Indian Philosophy: Paths & Worldviews,to create,Ethical Questions with Daniel Simpson,1,Ethical Questions Module 1 (Video),Ethical Questions with Daniel Simpson,found,557873662,Ethical Questions Module 1 (Video),(no folder),1:43:56,0.499,
,Indian Philosophy: Paths & Worldviews,to create,Ethical Questions with Daniel Simpson,2,Ethical Questions Module 2 (Video),Ethical Questions with Daniel Simpson,found,560946845,Ethical Questions Module 2 (Video),(no folder),1:41:46,0.453,
,Sanskrit for Yogis,to create,Introduction to Sanskrit,1,Module 1: Intro to Sanskrit,Introduction to Sanskrit,found,647885701,Module 1: Intro to Sanskrit,YP CERT 2021/22 / YP Trimester 1,1:44:02,0.337,the 2020 version only has modules 3–4 in Vimeo
,Sanskrit for Yogis,to create,Introduction to Sanskrit,2,Module 2: Intro to Sanskrit,Introduction to Sanskrit,found,653024185,Module 2: Intro to Sanskrit,YP CERT 2021/22 / YP Trimester 1,1:34:27,0.29,the 2020 version only has modules 3–4 in Vimeo
,Sanskrit for Yogis,to create,Introduction to Sanskrit,3,Module 3: Intro to Sanskrit,Introduction to Sanskrit,found,655068052,Module 3: Intro to Sanskrit,YP CERT 2021/22 / YP Trimester 1,1:15:38,0.281,the 2020 version only has modules 3–4 in Vimeo
,Sanskrit for Yogis,to create,Introduction to Sanskrit,4,Module 4: Intro to Sanskrit,Introduction to Sanskrit,found,657559213,Module 4: Intro to Sanskrit,YP CERT 2021/22 / YP Trimester 1,1:56:57,0.212,the 2020 version only has modules 3–4 in Vimeo
,Sanskrit for Yogis,to create,Sanskrit Level 2,1,Sanskrit Level 2 Module 1,Sanskrit Level 2,found,527021965,Sanskrit Level 2_Module 1,(no folder),1:46:40,0.383,"Vimeo has 9 modules, Kajabi lists 8"
,Sanskrit for Yogis,to create,Sanskrit Level 2,2,Sanskrit 2 Session 2 (Video),Sanskrit Level 2,found,530406577,Sanskrit 2 Session 2 (Video),(no folder),1:56:04,0.386,"Vimeo has 9 modules, Kajabi lists 8"
,Sanskrit for Yogis,to create,Sanskrit Level 2,3,Sanskrit 2 Module 3,Sanskrit Level 2,found,535620961,Sanskrit 2_Module 3,(no folder),1:46:11,0.317,"Vimeo has 9 modules, Kajabi lists 8"
,Sanskrit for Yogis,to create,Sanskrit Level 2,4,Sanskrit 2 Module 4,Sanskrit Level 2,found,538432076,Sanskrit 2_Module 4,(no folder),1:45:36,0.319,"Vimeo has 9 modules, Kajabi lists 8"
,Sanskrit for Yogis,to create,Sanskrit Level 2,5,Sanskrit 2 Module 5 (Video),Sanskrit Level 2,found,541597237,Sanskrit 2 Module 5 (Video),(no folder),1:44:25,0.364,"Vimeo has 9 modules, Kajabi lists 8"
,Sanskrit for Yogis,to create,Sanskrit Level 2,6,Sanskrit 2 Module 6 (Video),Sanskrit Level 2,found,544578585,Sanskrit 2 Module 6 (Video),(no folder),1:38:24,0.298,"Vimeo has 9 modules, Kajabi lists 8"
,Sanskrit for Yogis,to create,Sanskrit Level 2,7,Sanskrit 2 Module 7 (Video),Sanskrit Level 2,found,547475551,Sanskrit 2 Module 7 (Video),(no folder),1:42:11,0.315,"Vimeo has 9 modules, Kajabi lists 8"
,Sanskrit for Yogis,to create,Sanskrit Level 2,8,Sanskrit 2 Module 8 (Video),Sanskrit Level 2,found,551442814,Sanskrit 2 Module 8 (Video),(no folder),1:55:10,0.349,"Vimeo has 9 modules, Kajabi lists 8"
,Sanskrit for Yogis,to create,Sanskrit Level 2,9,Sanskrit 2 Module 9 (Video),Sanskrit Level 2,found,554291276,Sanskrit 2 Module 9 (Video),(no folder),1:02:46,0.206,"Vimeo has 9 modules, Kajabi lists 8"
,Sanskrit for Yogis,to create,The Sanskrit Seminar,1,The Sanskrit Seminar - Module 1,The Sanskrit Seminar,found,465036790,The Sanskrit Seminar - Module 1,EP_Courses,1:55:06,0.356,
,Sanskrit for Yogis,to create,The Sanskrit Seminar,2,The Sanskrit Seminar - Module 2,The Sanskrit Seminar,found,367732572,The Sanskrit Seminar - Module 2,EP_Courses,1:56:03,0.323,
,Sanskrit for Yogis,to create,The Sanskrit Seminar,3,The Sanskrit Seminar - Module 3,The Sanskrit Seminar,found,372268454,The Sanskrit Seminar - Module 3,EP_Courses,1:56:40,0.321,
,Sanskrit for Yogis,to create,The Sanskrit Seminar,4,The Sanskrit Seminar - Module 4,The Sanskrit Seminar,found,376713872,The Sanskrit Seminar - Module 4,EP_Courses,1:46:27,0.318,
,Sanskrit for Yogis,to create,The Sanskrit Seminar,5,The Sanskrit Seminar - Module 5,The Sanskrit Seminar,found,384430223,The Sanskrit Seminar - Module 5,EP_Courses,1:52:30,0.34,
,Sanskrit for Yogis,to create,The Sanskrit Seminar,6,The Sanskrit Seminar - Module 6,The Sanskrit Seminar,found,390378510,The Sanskrit Seminar - Module 6,EP_Courses,1:53:34,0.329,
,Sanskrit for Yogis,to create,The Sanskrit Seminar,7,The Sanskrit Seminar - Module 7,The Sanskrit Seminar,found,396346835,The Sanskrit Seminar - Module 7,EP_Courses,1:48:52,0.311,
,Sanskrit for Yogis,to create,The Sanskrit Seminar,8,The Sanskrit Seminar - Module 8,The Sanskrit Seminar,found,465037806,The Sanskrit Seminar - Module 8,EP_Courses,1:43:16,0.319,
,Sanskrit for Yogis,to create,The Sanskrit Seminar,9,The Sanskrit Seminar - Module 9,The Sanskrit Seminar,found,465039580,The Sanskrit Seminar - Module 9,EP_Courses,1:37:50,0.298,
,"Esoteric Wisdom: Mystics, Siddhas & Sacred Arts",to create,Shamans & Siddhas,1,Shamans & Siddhas - Module 1,Shamans & Siddhas,found,477807346,Shamans & Siddhas - Module 1,(no folder),1:33:19,0.959,
,"Esoteric Wisdom: Mystics, Siddhas & Sacred Arts",to create,Shamans & Siddhas,2,Shamans & Siddhas - Module 2,Shamans & Siddhas,found,477807607,Shamans & Siddhas - Module 2,(no folder),1:27:34,1.112,
,"Esoteric Wisdom: Mystics, Siddhas & Sacred Arts",to create,Shamans & Siddhas,3,Shamans & Siddhas - Module 3,Shamans & Siddhas,found,477807542,Shamans & Siddhas - Module 3,(no folder),1:25:11,1.113,
,"Esoteric Wisdom: Mystics, Siddhas & Sacred Arts",to create,Shamans & Siddhas,4,Shamans & Siddhas - Module 4,Shamans & Siddhas,found,477807403,Shamans & Siddhas - Module 4,(no folder),1:53:44,1.616,
,"Esoteric Wisdom: Mystics, Siddhas & Sacred Arts",to create,Shamans & Siddhas,5,Shamans & Siddhas - Q&A - 2-1-21,Shamans & Siddhas,found,507644474,Shamans & Siddhas - Q&A - 2-1-21,(no folder),1:18:13,0.343,
,"Esoteric Wisdom: Mystics, Siddhas & Sacred Arts",to create,Deity: The Path to Liberation,1,Deity Module 1: Devotion,Deity: The Path to Liberation,found,1014549708,Deity Module 1: Devotion,Deity: A Path to Liberation,1:49:46,1.242,"an older version is in ""OLD Deity"""
,"Esoteric Wisdom: Mystics, Siddhas & Sacred Arts",to create,Deity: The Path to Liberation,2,Deity Module 2: Ritual,Deity: The Path to Liberation,found,1014551358,Deity Module 2: Ritual,Deity: A Path to Liberation,1:48:43,1.143,"an older version is in ""OLD Deity"""
,"Esoteric Wisdom: Mystics, Siddhas & Sacred Arts",to create,Deity: The Path to Liberation,3,Deity Module 3: Sound,Deity: The Path to Liberation,found,1014551781,Deity Module 3: Sound,Deity: A Path to Liberation,1:48:36,1.613,"an older version is in ""OLD Deity"""
,"Esoteric Wisdom: Mystics, Siddhas & Sacred Arts",to create,Deity: The Path to Liberation,4,Deity Module 4: Wisdom,Deity: The Path to Liberation,found,1014553325,Deity Module 4: Wisdom,Deity: A Path to Liberation,1:52:53,1.443,"an older version is in ""OLD Deity"""
,Embodied Yoga Therapy Certificate,to create,Embodied Yoga Therapy (2023),1,Module 1.1: Introduction to Embodied Yoga Therapy,Embodied Yoga Therapy (2023),found,873171132,Module 1.1: Introduction to Embodied Yoga Therapy,Embodied Yoga Therapy,0:49:56,0.365,faculty bio clips left out
,Embodied Yoga Therapy Certificate,to create,Embodied Yoga Therapy (2023),2,Visionary Experience Module 1.2,Embodied Yoga Therapy (2023),found,873937797,Visionary Experience Module 1.2,Embodied Yoga Therapy,0:24:28,0.318,faculty bio clips left out
,Embodied Yoga Therapy Certificate,to create,Embodied Yoga Therapy (2023),3,Module 1.1 Intro. to Embodied Yoga Therapy,Embodied Yoga Therapy (2023),found,874176832,Module 1.1 Intro. to Embodied Yoga Therapy,Embodied Yoga Therapy / Recordings of Live Sessions,1:05:45,0.55,faculty bio clips left out
,Embodied Yoga Therapy Certificate,to create,Embodied Yoga Therapy (2023),4,Intro. to Embodied Yoga Therapy Module 1.2,Embodied Yoga Therapy (2023),found,874405425,Intro. to Embodied Yoga Therapy Module 1.2,Embodied Yoga Therapy,0:30:13,0.787,faculty bio clips left out
,Embodied Yoga Therapy Certificate,to create,Embodied Yoga Therapy (2023),5,Orientation: Embodied Yoga Therapy Certificate Program,Embodied Yoga Therapy (2023),found,874606737,Orientation: Embodied Yoga Therapy Certificate Program,Embodied Yoga Therapy,0:35:53,0.259,faculty bio clips left out
,Embodied Yoga Therapy Certificate,to create,Embodied Yoga Therapy (2023),6,Module 2.1: History of Modern Yoga,Embodied Yoga Therapy (2023),found,875006033,Module 2.1: History of Modern Yoga,Embodied Yoga Therapy,0:51:46,0.237,faculty bio clips left out
,Embodied Yoga Therapy Certificate,to create,Embodied Yoga Therapy (2023),7,Module 2.2: History of Modern Yoga,Embodied Yoga Therapy (2023),found,875436553,Module 2.2: History of Modern Yoga,Embodied Yoga Therapy,0:39:43,0.252,faculty bio clips left out
,Embodied Yoga Therapy Certificate,to create,Embodied Yoga Therapy (2023),8,EYT: Clinical Yoga Therapy Module 1.1,Embodied Yoga Therapy (2023),found,876750192,EYT: Clinical Yoga Therapy Module 1.1,Embodied Yoga Therapy,0:57:24,0.385,faculty bio clips left out
,Embodied Yoga Therapy Certificate,to create,Embodied Yoga Therapy (2023),9,Module 4.1 Intro to Clinical Yoga Therapy 2,Embodied Yoga Therapy (2023),found,876951017,Module 4.1 Intro to Clinical Yoga Therapy 2,Embodied Yoga Therapy,0:57:32,0.315,faculty bio clips left out
,Embodied Yoga Therapy Certificate,to create,Embodied Yoga Therapy (2023),10,Module 4.2: Intro to Clinical Yoga Therapy 2,Embodied Yoga Therapy (2023),found,876953963,Module 4.2: Intro to Clinical Yoga Therapy 2,Embodied Yoga Therapy,0:52:31,0.509,faculty bio clips left out
,Embodied Yoga Therapy Certificate,to create,Embodied Yoga Therapy (2023),11,Anatomy and Physiology 1.1,Embodied Yoga Therapy (2023),found,879073253,Anatomy and Physiology 1.1,Embodied Yoga Therapy,0:53:17,0.311,faculty bio clips left out
,Embodied Yoga Therapy Certificate,to create,Embodied Yoga Therapy (2023),12,Anatomy and Physiology 1.2,Embodied Yoga Therapy (2023),found,879138805,Anatomy and Physiology 1.2,Embodied Yoga Therapy,0:48:13,0.453,faculty bio clips left out
,Embodied Yoga Therapy Certificate,to create,Embodied Yoga Therapy (2023),13,Anatomy & Phisiology Part 2.2: Breath Anatomy Amplified,Embodied Yoga Therapy (2023),found,880385615,Anatomy & Phisiology Part 2.2: Breath Anatomy Amplified,Embodied Yoga Therapy,0:46:18,0.285,faculty bio clips left out
,Embodied Yoga Therapy Certificate,to create,Embodied Yoga Therapy (2023),14,breath anatomy amplified 2.1,Embodied Yoga Therapy (2023),found,880377733,breath anatomy amplified 2.1,Embodied Yoga Therapy,0:51:54,0.298,faculty bio clips left out
,Embodied Yoga Therapy Certificate,to create,Embodied Yoga Therapy (2023),15,Perspectives on Trauma in Yoga Therapy 1,Embodied Yoga Therapy (2023),found,881084028,Perspectives on Trauma in Yoga Therapy 1,Embodied Yoga Therapy,0:55:52,0.368,faculty bio clips left out
,Embodied Yoga Therapy Certificate,to create,Embodied Yoga Therapy (2023),16,Perspectives on Trauma in Yoga Therapy Part 2,Embodied Yoga Therapy (2023),found,881226256,Perspectives on Trauma in Yoga Therapy Part 2,Embodied Yoga Therapy,0:40:05,0.277,faculty bio clips left out
,Embodied Yoga Therapy Certificate,to create,Embodied Yoga Therapy (2023),17,Embodied Yoga Therapy Integration Session 1,Embodied Yoga Therapy (2023),found,881339673,Embodied Yoga Therapy Integration Session 1,Embodied Yoga Therapy,1:10:19,0.729,faculty bio clips left out
,Embodied Yoga Therapy Certificate,to create,Embodied Yoga Therapy (2023),18,Module 8.1: Contemplative Psychotherapy,Embodied Yoga Therapy (2023),found,882338601,Module 8.1: Contemplative Psychotherapy,Embodied Yoga Therapy,0:52:09,0.373,faculty bio clips left out
,Embodied Yoga Therapy Certificate,to create,Embodied Yoga Therapy (2023),19,Module 8.2: Contemplative Psychotherapy,Embodied Yoga Therapy (2023),found,882521166,Module 8.2: Contemplative Psychotherapy,Embodied Yoga Therapy,0:45:23,0.481,faculty bio clips left out
,Embodied Yoga Therapy Certificate,to create,Embodied Yoga Therapy (2023),20,M9: Skeletal Uniqueness 2,Embodied Yoga Therapy (2023),found,883788576,M9: Skeletal Uniqueness 2,Embodied Yoga Therapy,0:49:48,0.595,faculty bio clips left out
,Embodied Yoga Therapy Certificate,to create,Embodied Yoga Therapy (2023),21,M9: Yoga and Skeletal Uniqueness Part 1.1,Embodied Yoga Therapy (2023),found,883766003,M9: Yoga and Skeletal Uniqueness Part 1.1,Embodied Yoga Therapy,0:57:38,0.39,faculty bio clips left out
,Embodied Yoga Therapy Certificate,to create,Embodied Yoga Therapy (2023),22,Module 10.1: Yoga and Modern Medicine Part 1,Embodied Yoga Therapy (2023),found,885011864,Module 10.1: Yoga and Modern Medicine Part 1,Embodied Yoga Therapy,1:06:05,0.4,faculty bio clips left out
,Embodied Yoga Therapy Certificate,to create,Embodied Yoga Therapy (2023),23,Module 10.2: Yoga and Modern Medicine Part 2,Embodied Yoga Therapy (2023),found,885199776,Module 10.2: Yoga and Modern Medicine Part 2,Embodied Yoga Therapy,0:43:37,0.579,faculty bio clips left out
,Buddhist Psychology Certificate,to create,Buddhist Psychology Cert (2023),1,Buddhist Psychology Cert. Session 3,Buddhist Psychology Cert (2023),found,826388497,Buddhist Psychology Cert. Session 3,Buddhist Psychology Cert,1:57:01,0.577,"a 2017 Kajabi course ""Buddhist Psychology & Contemplative Psychotherapy"" (4) also exists"
,Buddhist Psychology Certificate,to create,Buddhist Psychology Cert (2023),2,Neuroecopsychology of the Subtle Body,Buddhist Psychology Cert (2023),found,827779144,Neuroecopsychology of the Subtle Body,Buddhist Psychology Cert,1:23:41,0.852,"a 2017 Kajabi course ""Buddhist Psychology & Contemplative Psychotherapy"" (4) also exists; also in The Subtle Body: Chakras, Prāṇa & Breath"
,Buddhist Psychology Certificate,to create,Buddhist Psychology Cert (2023),3,Buddhist Psychology Cert. Session 1,Buddhist Psychology Cert (2023),found,828377969,Buddhist Psychology Cert. Session 1,Buddhist Psychology Cert,1:56:45,0.524,"a 2017 Kajabi course ""Buddhist Psychology & Contemplative Psychotherapy"" (4) also exists"
,Buddhist Psychology Certificate,to create,Buddhist Psychology Cert (2023),4,Buddhist Psychology Cert. Session 5,Buddhist Psychology Cert (2023),found,829240936,Buddhist Psychology Cert. Session 5,Buddhist Psychology Cert,1:52:27,0.462,"a 2017 Kajabi course ""Buddhist Psychology & Contemplative Psychotherapy"" (4) also exists"
,Buddhist Psychology Certificate,to create,Buddhist Psychology Cert (2023),5,Buddhist Psychology Cert. Session 7,Buddhist Psychology Cert (2023),found,832449815,Buddhist Psychology Cert. Session 7,Buddhist Psychology Cert,1:46:24,0.409,"a 2017 Kajabi course ""Buddhist Psychology & Contemplative Psychotherapy"" (4) also exists"
,Buddhist Psychology Certificate,to create,Buddhist Psychology Cert (2023),6,Buddhist Psychology Cert Session 11,Buddhist Psychology Cert (2023),found,836642272,Buddhist Psychology Cert Session 11,Buddhist Psychology Cert,1:45:26,0.613,"a 2017 Kajabi course ""Buddhist Psychology & Contemplative Psychotherapy"" (4) also exists"
,Buddhist Psychology Certificate,to create,Buddhist Psychology Cert (2023),7,Buddhist Psycholoy Cert Session 9,Buddhist Psychology Cert (2023),found,836615183,Buddhist Psycholoy Cert Session 9,Buddhist Psychology Cert,1:25:44,0.295,"a 2017 Kajabi course ""Buddhist Psychology & Contemplative Psychotherapy"" (4) also exists"
,Buddhist Psychology Certificate,to create,Buddhist Psychology Cert (2023),8,Buddhist Psychology Cert. Session 13,Buddhist Psychology Cert (2023),found,836738341,Buddhist Psychology Cert. Session 13,Buddhist Psychology Cert,1:47:12,0.666,"a 2017 Kajabi course ""Buddhist Psychology & Contemplative Psychotherapy"" (4) also exists"
,Buddhist Psychology Certificate,to create,Buddhist Psychology Cert (2023),9,Buddhist Psychology Cert. Session 2,Buddhist Psychology Cert (2023),found,836902986,Buddhist Psychology Cert. Session 2,Buddhist Psychology Cert,1:50:05,0.708,"a 2017 Kajabi course ""Buddhist Psychology & Contemplative Psychotherapy"" (4) also exists"
,Buddhist Psychology Certificate,to create,Buddhist Psychology Cert (2023),10,Buddhist Psychology Cert. Session 4,Buddhist Psychology Cert (2023),found,836954605,Buddhist Psychology Cert. Session 4,Buddhist Psychology Cert,1:55:06,0.639,"a 2017 Kajabi course ""Buddhist Psychology & Contemplative Psychotherapy"" (4) also exists"
,Buddhist Psychology Certificate,to create,Buddhist Psychology Cert (2023),11,Buddhist Psychology Cert. Session 8,Buddhist Psychology Cert (2023),found,837226870,Buddhist Psychology Cert. Session 8,Buddhist Psychology Cert,1:58:00,0.531,"a 2017 Kajabi course ""Buddhist Psychology & Contemplative Psychotherapy"" (4) also exists"
,Buddhist Psychology Certificate,to create,Buddhist Psychology Cert (2023),12,Buddhist Psychology Cert. Session 10,Buddhist Psychology Cert (2023),found,837323723,Buddhist Psychology Cert. Session 10,Buddhist Psychology Cert,1:57:47,0.674,"a 2017 Kajabi course ""Buddhist Psychology & Contemplative Psychotherapy"" (4) also exists"
,Buddhist Psychology Certificate,to create,Buddhist Psychology Cert (2023),13,Buddhist Psychology Cert. Session 6,Buddhist Psychology Cert (2023),found,837278601,Buddhist Psychology Cert. Session 6,Buddhist Psychology Cert,1:53:39,0.553,"a 2017 Kajabi course ""Buddhist Psychology & Contemplative Psychotherapy"" (4) also exists"
,Buddhist Psychology Certificate,to create,Buddhist Psychology Cert (2023),14,Buddhist Psychology Cert. Session 12,Buddhist Psychology Cert (2023),found,837726913,Buddhist Psychology Cert. Session 12,Buddhist Psychology Cert,1:51:12,0.627,"a 2017 Kajabi course ""Buddhist Psychology & Contemplative Psychotherapy"" (4) also exists"
,Buddhist Psychology Certificate,to create,Buddhist Psychology Cert (2023),15,Buddhist Psychology Cert Session 14,Buddhist Psychology Cert (2023),found,838092762,Buddhist Psychology Cert Session 14,Buddhist Psychology Cert,1:48:38,0.778,"a 2017 Kajabi course ""Buddhist Psychology & Contemplative Psychotherapy"" (4) also exists"
,Buddhist Psychology Certificate,to create,Buddhist Psychology Cert (2023),16,Buddist Psychology Cert- Integration #1,Buddhist Psychology Cert (2023),found,838062963,Buddist Psychology Cert- Integration #1,Buddhist Psychology Cert,0:55:21,0.356,"a 2017 Kajabi course ""Buddhist Psychology & Contemplative Psychotherapy"" (4) also exists"
,Buddhist Psychology Certificate,to create,Buddhist Psychology Cert (2023),17,Buddhist Psychology Cert Integration #2,Buddhist Psychology Cert (2023),found,841665106,Buddhist Psychology Cert Integration #2,Buddhist Psychology Cert,1:31:22,1.444,"a 2017 Kajabi course ""Buddhist Psychology & Contemplative Psychotherapy"" (4) also exists"
,Buddhist Psychology Certificate,to create,Buddhist Psychology Cert (2023),18,Buddhist Psychology Cert Integration #3,Buddhist Psychology Cert (2023),found,847610121,Buddhist Psychology Cert Integration #3,Buddhist Psychology Cert,1:21:01,1.868,"a 2017 Kajabi course ""Buddhist Psychology & Contemplative Psychotherapy"" (4) also exists"
,Buddhist Psychology Certificate,to create,Buddhist Psychology Cert (2023),19,Buddhist Psychology Certification Closing Ceremony,Buddhist Psychology Cert (2023),found,847606424,Buddhist Psychology Certification Closing Ceremony,Buddhist Psychology Cert,0:30:43,0.271,"a 2017 Kajabi course ""Buddhist Psychology & Contemplative Psychotherapy"" (4) also exists"
,Yoga Philosophy Certificate,to create,YP Certificate 2021/22 cohort,1,Module 2: Yoga & Contemplative Science,YP Certificate 2021/22 cohort,found,421161306,Module 2: Yoga & Contemplative Science,YP CERT 2021/22 / YP Trimester 3,1:09:40,0.234,many modules overlap pathways 7–13; also in Meditation for Real Life
,Yoga Philosophy Certificate,to create,YP Certificate 2021/22 cohort,2,Module 1: Advaita Vedanta,YP Certificate 2021/22 cohort,found,506156696,Module 1: Advaita Vedanta,YP CERT 2021/22 / YP Trimester 2,1:51:46,0.496,many modules overlap pathways 7–13; also in Non-Duality: Vedānta & Kashmir Śaivism
,Yoga Philosophy Certificate,to create,YP Certificate 2021/22 cohort,3,Module 2: Advaita Vedanta,YP Certificate 2021/22 cohort,found,508874473,Module 2: Advaita Vedanta,YP CERT 2021/22 / YP Trimester 2,1:42:00,0.987,many modules overlap pathways 7–13; also in Non-Duality: Vedānta & Kashmir Śaivism
,Yoga Philosophy Certificate,to create,YP Certificate 2021/22 cohort,4,Lalita Seminar,YP Certificate 2021/22 cohort,found,536926861,Lalita Seminar,YP CERT 2021/22 / YP Trimester 2,1:34:39,0.985,"many modules overlap pathways 7–13; also in Sound, Mantra & Sacred Speech"
,Yoga Philosophy Certificate,to create,YP Certificate 2021/22 cohort,5,Module 1: Intro to Philosophy,YP Certificate 2021/22 cohort,found,611994720,Module 1: Intro to Philosophy,YP CERT 2021/22 / YP Trimester 1,2:11:43,0.558,many modules overlap pathways 7–13
,Yoga Philosophy Certificate,to create,YP Certificate 2021/22 cohort,6,Module 2: Intro to Philosophy,YP Certificate 2021/22 cohort,found,613053463,Module 2: Intro to Philosophy,YP CERT 2021/22 / YP Trimester 1,2:02:35,0.558,many modules overlap pathways 7–13
,Yoga Philosophy Certificate,to create,YP Certificate 2021/22 cohort,7,Module 1: Intro to the Vedas,YP Certificate 2021/22 cohort,found,617618353,Module 1: Intro to the Vedas,YP CERT 2021/22 / YP Trimester 1,1:56:18,0.471,"many modules overlap pathways 7–13; also in Sound, Mantra & Sacred Speech"
,Yoga Philosophy Certificate,to create,YP Certificate 2021/22 cohort,8,Module 2: Intro to the Vedas,YP Certificate 2021/22 cohort,found,619660649,Module 2: Intro to the Vedas,YP CERT 2021/22 / YP Trimester 1,2:00:51,0.514,"many modules overlap pathways 7–13; also in Sound, Mantra & Sacred Speech"
,Yoga Philosophy Certificate,to create,YP Certificate 2021/22 cohort,9,Module 1: Yoga History,YP Certificate 2021/22 cohort,found,624595188,Module 1: Yoga History,YP CERT 2021/22 / YP Trimester 1,1:52:12,0.558,many modules overlap pathways 7–13
,Yoga Philosophy Certificate,to create,YP Certificate 2021/22 cohort,10,Module 2: Yoga History,YP Certificate 2021/22 cohort,found,626849081,Module 2: Yoga History,YP CERT 2021/22 / YP Trimester 1,1:54:27,0.602,many modules overlap pathways 7–13
,Yoga Philosophy Certificate,to create,YP Certificate 2021/22 cohort,11,YP Integration Session #1,YP Certificate 2021/22 cohort,found,630431300,YP Integration Session #1,YP CERT 2021/22 / Integration Sessions & Immersion,1:16:22,0.514,many modules overlap pathways 7–13
,Yoga Philosophy Certificate,to create,YP Certificate 2021/22 cohort,12,Module 1: Yoga History,YP Certificate 2021/22 cohort,found,631149822,Module 1: Yoga History,YP CERT 2021/22 / YP Trimester 1,2:05:08,0.683,many modules overlap pathways 7–13
,Yoga Philosophy Certificate,to create,YP Certificate 2021/22 cohort,13,Module 4: Yoga History,YP Certificate 2021/22 cohort,found,633225639,Module 4: Yoga History,YP CERT 2021/22 / YP Trimester 1,2:00:31,0.541,many modules overlap pathways 7–13
,Yoga Philosophy Certificate,to create,YP Certificate 2021/22 cohort,14,Module 1: Sankhyakarika & The Sutras,YP Certificate 2021/22 cohort,found,637229814,Module 1: Sankhyakarika & The Sutras,YP CERT 2021/22 / YP Trimester 1,2:53:59,1.454,many modules overlap pathways 7–13
,Yoga Philosophy Certificate,to create,YP Certificate 2021/22 cohort,15,Module 1: Upanishads,YP Certificate 2021/22 cohort,found,638039238,Module 1: Upanishads,YP CERT 2021/22 / YP Trimester 1,1:58:03,0.466,many modules overlap pathways 7–13
,Yoga Philosophy Certificate,to create,YP Certificate 2021/22 cohort,16,Module 2: Samkhyakarika & the Sutras,YP Certificate 2021/22 cohort,found,639677582,Module 2: Samkhyakarika & the Sutras,YP CERT 2021/22 / YP Trimester 1,2:40:37,1.098,many modules overlap pathways 7–13
,Yoga Philosophy Certificate,to create,YP Certificate 2021/22 cohort,17,Module 2: Upanishads,YP Certificate 2021/22 cohort,found,640469473,Module 2: Upanishads,YP CERT 2021/22 / YP Trimester 1,1:52:51,0.419,many modules overlap pathways 7–13
,Yoga Philosophy Certificate,to create,YP Certificate 2021/22 cohort,18,YP Integration Session 2,YP Certificate 2021/22 cohort,found,641233768,YP Integration Session 2,YP CERT 2021/22 / Integration Sessions & Immersion,1:54:09,0.831,many modules overlap pathways 7–13
,Yoga Philosophy Certificate,to create,YP Certificate 2021/22 cohort,19,Module 3: Samkhyakarika & the Yoga Sutras,YP Certificate 2021/22 cohort,found,641760945,Module 3: Samkhyakarika & the Yoga Sutras,YP CERT 2021/22 / YP Trimester 1,2:38:52,1.159,many modules overlap pathways 7–13
,Yoga Philosophy Certificate,to create,YP Certificate 2021/22 cohort,20,Module 3: Upanishads,YP Certificate 2021/22 cohort,found,641742444,Module 3: Upanishads,YP CERT 2021/22 / YP Trimester 1,2:01:07,0.49,many modules overlap pathways 7–13
,Yoga Philosophy Certificate,to create,YP Certificate 2021/22 cohort,21,Module 4: Samkhyakarika & the Sutras,YP Certificate 2021/22 cohort,found,644202759,Module 4: Samkhyakarika & the Sutras,YP CERT 2021/22 / YP Trimester 1,2:54:08,1.304,many modules overlap pathways 7–13
,Yoga Philosophy Certificate,to create,YP Certificate 2021/22 cohort,22,Module 4: Upanishads,YP Certificate 2021/22 cohort,found,645383557,Module 4: Upanishads,YP CERT 2021/22 / YP Trimester 1,1:51:34,0.453,many modules overlap pathways 7–13
,Yoga Philosophy Certificate,to create,YP Certificate 2021/22 cohort,23,Module 5: Samkhya & the Sutras,YP Certificate 2021/22 cohort,found,646727007,Module 5: Samkhya & the Sutras,YP CERT 2021/22 / YP Trimester 1,2:27:41,0.653,many modules overlap pathways 7–13
,Yoga Philosophy Certificate,to create,YP Certificate 2021/22 cohort,24,Module 1: Intro to Sanskrit,YP Certificate 2021/22 cohort,found,647885701,Module 1: Intro to Sanskrit,YP CERT 2021/22 / YP Trimester 1,1:44:02,0.337,many modules overlap pathways 7–13; also in Sanskrit for Yogis
,Yoga Philosophy Certificate,to create,YP Certificate 2021/22 cohort,25,Module 6: Samkhyakarika & the Yoga Sutras,YP Certificate 2021/22 cohort,found,651838136,Module 6: Samkhyakarika & the Yoga Sutras,YP CERT 2021/22 / YP Trimester 1,2:10:57,0.71,many modules overlap pathways 7–13
,Yoga Philosophy Certificate,to create,YP Certificate 2021/22 cohort,26,Module 2: Intro to Sanskrit,YP Certificate 2021/22 cohort,found,653024185,Module 2: Intro to Sanskrit,YP CERT 2021/22 / YP Trimester 1,1:34:27,0.29,many modules overlap pathways 7–13; also in Sanskrit for Yogis
,Yoga Philosophy Certificate,to create,YP Certificate 2021/22 cohort,27,Module 7: the Samkhyakarika & the Yoga Sutras,YP Certificate 2021/22 cohort,found,654378431,Module 7: the Samkhyakarika & the Yoga Sutras,YP CERT 2021/22 / YP Trimester 1,2:32:02,1.002,many modules overlap pathways 7–13
,Yoga Philosophy Certificate,to create,YP Certificate 2021/22 cohort,28,Module 3: Intro to Sanskrit,YP Certificate 2021/22 cohort,found,655068052,Module 3: Intro to Sanskrit,YP CERT 2021/22 / YP Trimester 1,1:15:38,0.281,many modules overlap pathways 7–13; also in Sanskrit for Yogis
,Yoga Philosophy Certificate,to create,YP Certificate 2021/22 cohort,29,Integration Session #4: YP Cert Program,YP Certificate 2021/22 cohort,found,655803590,Integration Session #4: YP Cert Program,YP CERT 2021/22 / Integration Sessions & Immersion,1:18:00,0.573,many modules overlap pathways 7–13
,Yoga Philosophy Certificate,to create,YP Certificate 2021/22 cohort,30,Module  8: Samkhyakarika & the Yoga Sutras,YP Certificate 2021/22 cohort,found,656863283,Module  8: Samkhyakarika & the Yoga Sutras,YP CERT 2021/22 / YP Trimester 1,2:36:11,1.128,many modules overlap pathways 7–13
,Yoga Philosophy Certificate,to create,YP Certificate 2021/22 cohort,31,Module 4: Intro to Sanskrit,YP Certificate 2021/22 cohort,found,657559213,Module 4: Intro to Sanskrit,YP CERT 2021/22 / YP Trimester 1,1:56:57,0.212,many modules overlap pathways 7–13; also in Sanskrit for Yogis
,Yoga Philosophy Certificate,to create,YP Certificate 2021/22 cohort,32,Module 1: Bhagavad Gita,YP Certificate 2021/22 cohort,found,665089176,Module 1: Bhagavad Gita,YP CERT 2021/22 / YP Trimester 2,1:43:14,0.553,many modules overlap pathways 7–13
,Yoga Philosophy Certificate,to create,YP Certificate 2021/22 cohort,33,Module 2: Bhagavad Gita,YP Certificate 2021/22 cohort,found,665948753,Module 2: Bhagavad Gita,YP CERT 2021/22 / YP Trimester 2,1:31:50,0.438,many modules overlap pathways 7–13
,Yoga Philosophy Certificate,to create,YP Certificate 2021/22 cohort,34,Module 3: Bhagavad Gita,YP Certificate 2021/22 cohort,found,667618124,Module 3: Bhagavad Gita,YP CERT 2021/22 / YP Trimester 2,1:35:48,0.468,many modules overlap pathways 7–13
,Yoga Philosophy Certificate,to create,YP Certificate 2021/22 cohort,35,Module 4: Bhagavad Gita,YP Certificate 2021/22 cohort,found,668470757,Module 4: Bhagavad Gita,YP CERT 2021/22 / YP Trimester 2,1:01:13,0.475,many modules overlap pathways 7–13
,Yoga Philosophy Certificate,to create,YP Certificate 2021/22 cohort,36,Integration Session #5: YP Cert Program,YP Certificate 2021/22 cohort,found,669152654,Integration Session #5: YP Cert Program,YP CERT 2021/22 / Integration Sessions & Immersion,1:15:21,0.552,many modules overlap pathways 7–13
,Yoga Philosophy Certificate,to create,YP Certificate 2021/22 cohort,37,Module 1: Vaiṣṇava Bhakti,YP Certificate 2021/22 cohort,found,670117844,Module 1: Vaiṣṇava Bhakti,YP CERT 2021/22 / YP Trimester 2,1:31:51,0.438,many modules overlap pathways 7–13
,Yoga Philosophy Certificate,to create,YP Certificate 2021/22 cohort,38,Module 2: Vaiṣṇava Bhakti,YP Certificate 2021/22 cohort,found,672634983,Module 2: Vaiṣṇava Bhakti,YP CERT 2021/22 / YP Trimester 2,1:43:08,0.498,many modules overlap pathways 7–13
,Yoga Philosophy Certificate,to create,YP Certificate 2021/22 cohort,39,Module 1: Ayurveda,YP Certificate 2021/22 cohort,found,675653230,Module 1: Ayurveda,YP CERT 2021/22 / YP Trimester 2,2:09:16,0.801,many modules overlap pathways 7–13
,Yoga Philosophy Certificate,to create,YP Certificate 2021/22 cohort,40,Module 1: Meditation,YP Certificate 2021/22 cohort,found,676133915,Module 1: Meditation,YP CERT 2021/22 / YP Trimester 2,1:35:10,0.275,many modules overlap pathways 7–13
,Yoga Philosophy Certificate,to create,YP Certificate 2021/22 cohort,41,Integration Session #6,YP Certificate 2021/22 cohort,found,676723765,Integration Session #6,YP CERT 2021/22 / Integration Sessions & Immersion,1:25:34,0.957,many modules overlap pathways 7–13
,Yoga Philosophy Certificate,to create,YP Certificate 2021/22 cohort,42,Bonus Q&A: Samkhyakarika & the Yoga Sutras,YP Certificate 2021/22 cohort,found,678479897,Bonus Q&A: Samkhyakarika & the Yoga Sutras,YP CERT 2021/22 / YP Trimester 1,1:10:52,0.926,many modules overlap pathways 7–13
,Yoga Philosophy Certificate,to create,YP Certificate 2021/22 cohort,43,Module 2: Ayurveda,YP Certificate 2021/22 cohort,found,678766149,Module 2: Ayurveda,YP CERT 2021/22 / YP Trimester 2,2:31:08,0.935,many modules overlap pathways 7–13
,Yoga Philosophy Certificate,to create,YP Certificate 2021/22 cohort,44,Module 2: Meditation,YP Certificate 2021/22 cohort,found,678986329,Module 2: Meditation,YP CERT 2021/22 / YP Trimester 2,1:28:19,0.251,many modules overlap pathways 7–13
,Yoga Philosophy Certificate,to create,YP Certificate 2021/22 cohort,45,Module 1: Yoga History 2,YP Certificate 2021/22 cohort,found,680716727,Module 1: Yoga History 2,YP CERT 2021/22 / YP Trimester 2,2:00:51,0.635,many modules overlap pathways 7–13
,Yoga Philosophy Certificate,to create,YP Certificate 2021/22 cohort,46,Module 2: Yoga History 2,YP Certificate 2021/22 cohort,found,681760185,Module 2: Yoga History 2,YP CERT 2021/22 / YP Trimester 2,1:50:32,0.534,many modules overlap pathways 7–13
,Yoga Philosophy Certificate,to create,YP Certificate 2021/22 cohort,47,Module 3: Yoga History 2,YP Certificate 2021/22 cohort,found,683649240,Module 3: Yoga History 2,YP CERT 2021/22 / YP Trimester 2,2:06:51,0.696,many modules overlap pathways 7–13
,Yoga Philosophy Certificate,to create,YP Certificate 2021/22 cohort,48,Module 4: Yoga History 2,YP Certificate 2021/22 cohort,found,684523295,Module 4: Yoga History 2,YP CERT 2021/22 / YP Trimester 2,2:07:16,0.708,many modules overlap pathways 7–13
,Yoga Philosophy Certificate,to create,YP Certificate 2021/22 cohort,49,YP Integration Session #7,YP Certificate 2021/22 cohort,found,685101422,YP Integration Session #7,YP CERT 2021/22 / Integration Sessions & Immersion,1:17:30,0.517,many modules overlap pathways 7–13
,Yoga Philosophy Certificate,to create,YP Certificate 2021/22 cohort,50,Module 1: Śiva Sūtras,YP Certificate 2021/22 cohort,found,686186081,Module 1: Śiva Sūtras,YP CERT 2021/22 / YP Trimester 2,2:01:24,0.704,many modules overlap pathways 7–13
,Yoga Philosophy Certificate,to create,YP Certificate 2021/22 cohort,51,Module 1: Śaiva Tantra,YP Certificate 2021/22 cohort,found,687000715,Module 1: Śaiva Tantra,YP CERT 2021/22 / YP Trimester 2,1:37:20,0.555,many modules overlap pathways 7–13
,Yoga Philosophy Certificate,to create,YP Certificate 2021/22 cohort,52,Module 2: Śiva Sūtras,YP Certificate 2021/22 cohort,found,688686217,Module 2: Śiva Sūtras,YP CERT 2021/22 / YP Trimester 2,1:58:44,0.641,many modules overlap pathways 7–13
,Yoga Philosophy Certificate,to create,YP Certificate 2021/22 cohort,53,Module 2: Shaiva Tantra,YP Certificate 2021/22 cohort,found,689778809,Module 2: Shaiva Tantra,YP CERT 2021/22 / YP Trimester 2,1:30:14,0.436,many modules overlap pathways 7–13
,Yoga Philosophy Certificate,to create,YP Certificate 2021/22 cohort,54,Module 3: Shaiva Tantra,YP Certificate 2021/22 cohort,found,692112808,Module 3: Shaiva Tantra,YP CERT 2021/22 / YP Trimester 2,1:29:32,0.489,many modules overlap pathways 7–13
,Yoga Philosophy Certificate,to create,YP Certificate 2021/22 cohort,55,Module 3: Śiva Sūtras,YP Certificate 2021/22 cohort,found,692096926,Module 3: Śiva Sūtras,YP CERT 2021/22 / YP Trimester 2,1:55:15,0.501,many modules overlap pathways 7–13
,Yoga Philosophy Certificate,to create,YP Certificate 2021/22 cohort,56,YP - Integration Session #8,YP Certificate 2021/22 cohort,found,692661239,YP - Integration Session #8,YP CERT 2021/22 / Integration Sessions & Immersion,1:27:18,0.37,many modules overlap pathways 7–13
,Yoga Philosophy Certificate,to create,YP Certificate 2021/22 cohort,57,Module 1: Puranas and Poetry,YP Certificate 2021/22 cohort,found,696409962,Module 1: Puranas and Poetry,YP CERT 2021/22 / YP Trimester 3,1:29:21,0.34,many modules overlap pathways 7–13
,Yoga Philosophy Certificate,to create,YP Certificate 2021/22 cohort,58,Module 1: Shakta Tantra,YP Certificate 2021/22 cohort,found,697299757,Module 1: Shakta Tantra,YP CERT 2021/22 / YP Trimester 3,1:30:12,0.616,many modules overlap pathways 7–13
,Yoga Philosophy Certificate,to create,YP Certificate 2021/22 cohort,59,Module 2: Shakta Tantra,YP Certificate 2021/22 cohort,found,698502166,Module 2: Shakta Tantra,YP CERT 2021/22 / YP Trimester 3,1:28:43,0.568,many modules overlap pathways 7–13
,Yoga Philosophy Certificate,to create,YP Certificate 2021/22 cohort,60,Module 2: Puranas and Poetry,YP Certificate 2021/22 cohort,found,698883729,Module 2: Puranas and Poetry,YP CERT 2021/22 / YP Trimester 3,1:30:01,0.439,many modules overlap pathways 7–13
,Yoga Philosophy Certificate,to create,YP Certificate 2021/22 cohort,61,Module 1: Hatha Yoga Texts,YP Certificate 2021/22 cohort,found,701140768,Module 1: Hatha Yoga Texts,YP CERT 2021/22 / YP Trimester 3,1:30:58,0.392,many modules overlap pathways 7–13
,Yoga Philosophy Certificate,to create,YP Certificate 2021/22 cohort,62,Integration Session #9,YP Certificate 2021/22 cohort,found,701789458,Integration Session #9.mov,YP CERT 2021/22 / Integration Sessions & Immersion,0:48:07,0.255,many modules overlap pathways 7–13
,Yoga Philosophy Certificate,to create,YP Certificate 2021/22 cohort,63,Module 1: Hatha Yoga,YP Certificate 2021/22 cohort,found,701937789,Module 1: Hatha Yoga,YP CERT 2021/22 / YP Trimester 3,2:00:34,0.526,many modules overlap pathways 7–13
,Yoga Philosophy Certificate,to create,YP Certificate 2021/22 cohort,64,Module 2: Hatha Yoga Texts,YP Certificate 2021/22 cohort,found,703601123,Module 2: Hatha Yoga Texts,YP CERT 2021/22 / YP Trimester 3,1:32:04,0.416,many modules overlap pathways 7–13
,Yoga Philosophy Certificate,to create,YP Certificate 2021/22 cohort,65,Module 2: Hatha Yoga,YP Certificate 2021/22 cohort,found,704460010,Module 2: Hatha Yoga,YP CERT 2021/22 / YP Trimester 3,2:08:14,0.604,many modules overlap pathways 7–13
,Yoga Philosophy Certificate,to create,YP Certificate 2021/22 cohort,66,Integration session #10,YP Certificate 2021/22 cohort,found,705056539,Integration session #10,YP CERT 2021/22 / Integration Sessions & Immersion,1:20:59,0.492,many modules overlap pathways 7–13
,Yoga Philosophy Certificate,to create,YP Certificate 2021/22 cohort,67,Module 1: Yoga History 3,YP Certificate 2021/22 cohort,found,706017137,Module 1: Yoga History 3,YP CERT 2021/22 / YP Trimester 3,2:15:30,0.723,many modules overlap pathways 7–13
,Yoga Philosophy Certificate,to create,YP Certificate 2021/22 cohort,68,Module 2: Yoga History 3,YP Certificate 2021/22 cohort,found,706861222,Module 2: Yoga History 3,YP CERT 2021/22 / YP Trimester 3,2:15:49,0.778,many modules overlap pathways 7–13
,Yoga Philosophy Certificate,to create,YP Certificate 2021/22 cohort,69,Module 1: Yoga & Contemplative Science,YP Certificate 2021/22 cohort,found,707977039,Module 1: Yoga & Contemplative Science,YP CERT 2021/22 / YP Trimester 3,1:26:38,0.446,many modules overlap pathways 7–13; also in Meditation for Real Life
,Yoga Philosophy Certificate,to create,YP Certificate 2021/22 cohort,70,Module 3: Yoga History 3,YP Certificate 2021/22 cohort,found,708575065,Module 3: Yoga History 3,YP CERT 2021/22 / YP Trimester 3,1:58:54,0.576,many modules overlap pathways 7–13
,Yoga Philosophy Certificate,to create,YP Certificate 2021/22 cohort,71,Module 4: Yoga History 3,YP Certificate 2021/22 cohort,found,709339244,Module 4: Yoga History 3,YP CERT 2021/22 / YP Trimester 3,2:21:46,0.505,many modules overlap pathways 7–13
,Yoga Philosophy Certificate,to create,YP Certificate 2021/22 cohort,72,Module 1: Modern Sages,YP Certificate 2021/22 cohort,found,711153842,Module 1: Modern Sages,YP CERT 2021/22 / YP Trimester 3,1:31:08,0.342,many modules overlap pathways 7–13
,Yoga Philosophy Certificate,to create,YP Certificate 2021/22 cohort,73,Module 1: Yoga & Buddhism,YP Certificate 2021/22 cohort,found,711884854,Module 1: Yoga & Buddhism,YP CERT 2021/22 / YP Trimester 3,1:30:38,0.374,many modules overlap pathways 7–13
,Yoga Philosophy Certificate,to create,YP Certificate 2021/22 cohort,74,Integration Session #11,YP Certificate 2021/22 cohort,found,712602420,Integration Session #11,YP CERT 2021/22 / Integration Sessions & Immersion,1:40:31,0.508,many modules overlap pathways 7–13
,Yoga Philosophy Certificate,to create,YP Certificate 2021/22 cohort,75,Module 1: Modern Sages,YP Certificate 2021/22 cohort,found,713617154,Module 1: Modern Sages,YP CERT 2021/22 / YP Trimester 3,1:37:42,0.405,many modules overlap pathways 7–13
,Yoga Philosophy Certificate,to create,YP Certificate 2021/22 cohort,76,Module 2: Yoga & Buddhism,YP Certificate 2021/22 cohort,found,714314820,Module 2: Yoga & Buddhism,YP CERT 2021/22 / YP Trimester 3,1:35:54,0.365,many modules overlap pathways 7–13
,Yoga Philosophy Certificate,to create,YP Certificate 2021/22 cohort,77,Module 1: Ethical Questions,YP Certificate 2021/22 cohort,found,715949304,Module 1: Ethical Questions,YP CERT 2021/22 / YP Trimester 3,1:53:59,0.501,many modules overlap pathways 7–13
,Yoga Philosophy Certificate,to create,YP Certificate 2021/22 cohort,78,"Module 1: Meditation, Mind & Indian Philosophy",YP Certificate 2021/22 cohort,found,716717146,"Module 1: Meditation, Mind & Indian Philosophy",YP CERT 2021/22 / YP Trimester 3,1:40:12,0.564,many modules overlap pathways 7–13
,Yoga Philosophy Certificate,to create,YP Certificate 2021/22 cohort,79,Module 2: Ethical Questions,YP Certificate 2021/22 cohort,found,718225007,Module 2: Ethical Questions,YP CERT 2021/22 / YP Trimester 3,2:08:03,0.581,many modules overlap pathways 7–13
,Yoga Philosophy Certificate,to create,YP Certificate 2021/22 cohort,80,Module 2: Mind Body Meditation,YP Certificate 2021/22 cohort,found,719040027,Module 2: Mind Body Meditation,YP CERT 2021/22 / YP Trimester 3,1:55:22,0.623,many modules overlap pathways 7–13
,Yoga Philosophy Certificate,to create,YP Certificate 2021/22 cohort,81,Integration Session #12,YP Certificate 2021/22 cohort,found,723894132,Integration Session #12,YP CERT 2021/22 / Integration Sessions & Immersion,1:52:36,0.746,many modules overlap pathways 7–13
,Yoga Philosophy Certificate,to create,YP Certificate 2021/22 cohort,82,immersion-friday-6-24-22,YP Certificate 2021/22 cohort,found,724052621,immersion-friday-6-24-22.mov,YP CERT 2021/22 / Integration Sessions & Immersion,4:29:48,2.849,many modules overlap pathways 7–13
,Yoga Philosophy Certificate,to create,YP Certificate 2021/22 cohort,83,immersion-saturday-june-25,YP Certificate 2021/22 cohort,found,724089697,immersion-saturday-june-25.mov,YP CERT 2021/22 / Integration Sessions & Immersion,5:15:17,3.552,many modules overlap pathways 7–13
,Yoga Philosophy Certificate,to create,YP Certificate 2021/22 cohort,84,immersion-thursday-6-23-22,YP Certificate 2021/22 cohort,found,724046878,immersion-thursday-6-23-22.mov,YP CERT 2021/22 / Integration Sessions & Immersion,2:17:06,0.548,many modules overlap pathways 7–13
,Yoga Philosophy Certificate,to create,YP Certificate 2021/22 cohort,85,immersion-sunday-6-27-22,YP Certificate 2021/22 cohort,found,724602366,immersion-sunday-6-27-22,YP CERT 2021/22 / Integration Sessions & Immersion,3:01:01,1.326,many modules overlap pathways 7–13
,Awakened Body Certificate,to create,Awakened Body Cert On Demand,1,Awakened Body - Integration Session 1,Awakened Body Cert On Demand,found,832783283,Awakened Body - Integration Session 1,Awakened Body Cert On Demand,0:40:00,0.286,the LIVE 2023 cohort (20 videos) is the alternative
,Awakened Body Certificate,to create,Awakened Body Cert On Demand,2,Awakened Body - Integration Session 2,Awakened Body Cert On Demand,found,832776422,Awakened Body - Integration Session 2,Awakened Body Cert On Demand,1:01:02,0.455,the LIVE 2023 cohort (20 videos) is the alternative
,Awakened Body Certificate,to create,Awakened Body Cert On Demand,3,Awakened Body - Integration Session 3,Awakened Body Cert On Demand,found,832784366,Awakened Body - Integration Session 3,Awakened Body Cert On Demand,0:49:45,0.322,the LIVE 2023 cohort (20 videos) is the alternative
,Awakened Body Certificate,to create,Awakened Body Cert On Demand,4,Between Psyche & Soul: Re-imagining Intuition,Awakened Body Cert On Demand,found,832778218,Between Psyche & Soul: Re-imagining Intuition,Awakened Body Cert On Demand,1:07:03,0.379,the LIVE 2023 cohort (20 videos) is the alternative
,Awakened Body Certificate,to create,Awakened Body Cert On Demand,5,Beyond Trauma Unbinding The Body Via Posttraumatic Growth,Awakened Body Cert On Demand,found,832781022,Beyond Trauma Unbinding The Body Via Posttraumatic Growth,Awakened Body Cert On Demand,1:20:28,0.46,the LIVE 2023 cohort (20 videos) is the alternative
,Awakened Body Certificate,to create,Awakened Body Cert On Demand,6,Body To Body Intimacy,Awakened Body Cert On Demand,found,832775633,Body To Body Intimacy,Awakened Body Cert On Demand,1:36:49,0.676,the LIVE 2023 cohort (20 videos) is the alternative
,Awakened Body Certificate,to create,Awakened Body Cert On Demand,7,Close Your Eyes to See: Experiential Praxis for Awakening the Body,Awakened Body Cert On Demand,found,832779472,Close Your Eyes to See: Experiential Praxis for Awakening the Body,Awakened Body Cert On Demand,1:28:46,0.327,the LIVE 2023 cohort (20 videos) is the alternative
,Awakened Body Certificate,to create,Awakened Body Cert On Demand,8,Contemporary Psychoanalysis Playing With Theories Of Embodiment,Awakened Body Cert On Demand,found,832780780,Contemporary Psychoanalysis Playing With Theories Of Embodiment,Awakened Body Cert On Demand,1:00:13,0.3,the LIVE 2023 cohort (20 videos) is the alternative
,Awakened Body Certificate,to create,Awakened Body Cert On Demand,9,Developmental Somatic Psychology,Awakened Body Cert On Demand,found,832777557,Developmental Somatic Psychology,Awakened Body Cert On Demand,1:22:52,0.703,the LIVE 2023 cohort (20 videos) is the alternative
,Awakened Body Certificate,to create,Awakened Body Cert On Demand,10,Embodied Movement: Practices Engaging The Whole Self,Awakened Body Cert On Demand,found,832781418,Embodied Movement: Practices Engaging The Whole Self,Awakened Body Cert On Demand,1:48:32,0.817,the LIVE 2023 cohort (20 videos) is the alternative
,Awakened Body Certificate,to create,Awakened Body Cert On Demand,11,Fractals of Spiritual Development,Awakened Body Cert On Demand,found,832778826,Fractals of Spiritual Development,Awakened Body Cert On Demand,1:26:38,0.709,the LIVE 2023 cohort (20 videos) is the alternative
,Awakened Body Certificate,to create,Awakened Body Cert On Demand,12,Introduction to Somatics: Beyond the MindBody Problem,Awakened Body Cert On Demand,found,832776993,Introduction to Somatics: Beyond the MindBody Problem,Awakened Body Cert On Demand,1:33:58,0.555,the LIVE 2023 cohort (20 videos) is the alternative
,Awakened Body Certificate,to create,Awakened Body Cert On Demand,13,Just To Be Alive: Somatics And Spirituality,Awakened Body Cert On Demand,found,832782649,Just To Be Alive: Somatics And Spirituality,Awakened Body Cert On Demand,1:39:06,0.426,the LIVE 2023 cohort (20 videos) is the alternative
,Awakened Body Certificate,to create,Awakened Body Cert On Demand,14,Polyvagal Theory and the Awakened Body,Awakened Body Cert On Demand,found,832778554,Polyvagal Theory and the Awakened Body,Awakened Body Cert On Demand,1:19:10,0.312,the LIVE 2023 cohort (20 videos) is the alternative
,Awakened Body Certificate,to create,Awakened Body Cert On Demand,15,Queering The Body: Gender And Sexuality,Awakened Body Cert On Demand,found,832759620,Queering The Body: Gender And Sexuality,Awakened Body Cert On Demand,1:24:31,0.649,the LIVE 2023 cohort (20 videos) is the alternative
,Awakened Body Certificate,to create,Awakened Body Cert On Demand,16,Soma Semantics Cultivating Presence Via Embodied Witnessing Praxis,Awakened Body Cert On Demand,found,832780053,Soma Semantics Cultivating Presence Via Embodied Witnessing Praxis,Awakened Body Cert On Demand,1:31:03,0.638,the LIVE 2023 cohort (20 videos) is the alternative
,Awakened Body Certificate,to create,Awakened Body Cert On Demand,17,The Unknown Unknown: Somatic Encounters With The Other,Awakened Body Cert On Demand,found,832782194,The Unknown Unknown: Somatic Encounters With The Other,Awakened Body Cert On Demand,1:49:03,0.658,the LIVE 2023 cohort (20 videos) is the alternative
,Awakened Body Certificate,to create,Awakened Body Cert On Demand,18,Using Dreams To Awaken The Body,Awakened Body Cert On Demand,found,832779805,Using Dreams To Awaken The Body,Awakened Body Cert On Demand,0:51:31,0.249,the LIVE 2023 cohort (20 videos) is the alternative
,Awakened Body Certificate,to create,Awakened Body Cert On Demand,19,Why Study Somatics & Embodied Techniques?,Awakened Body Cert On Demand,found,832782918,Why Study Somatics & Embodied Techniques?,Awakened Body Cert On Demand,0:54:14,0.35,the LIVE 2023 cohort (20 videos) is the alternative
