vimeo_id,programme,section,lesson_title,status,lesson_id,lesson_url,rendition,bytes,error,finished_at
465390905,Roots & Branches: A History of Yoga,2. Roots & Branches I with Marcy Braverman Goldstein,Module 1,done,4680159,,540p,552239210,,2026-10-08 22:47
465384888,Roots & Branches: A History of Yoga,2. Roots & Branches I with Marcy Braverman Goldstein,Module 2,done,4680160,,540p,505350075,,2026-10-08 22:47
465380721,Roots & Branches: A History of Yoga,2. Roots & Branches I with Marcy Braverman Goldstein,Module 3,done,4680168,,540p,468143679,,2026-10-08 22:48
465387036,Roots & Branches: A History of Yoga,2. Roots & Branches I with Marcy Braverman Goldstein,Module 4,done,4680169,,540p,417351139,,2026-10-08 22:48
465569514,Roots & Branches: A History of Yoga,1. A Brief History of Yoga with Daniel Simpson,Module 1,done,4680208,,540p,320187574,,2026-10-08 23:02
465582281,Roots & Branches: A History of Yoga,1. A Brief History of Yoga with Daniel Simpson,Module 2,done,4680211,,540p,385606084,,2026-10-08 23:02
465619392,Roots & Branches: A History of Yoga,1. A Brief History of Yoga with Daniel Simpson,Module 3,done,4680213,,540p,490240605,,2026-10-08 23:03
466404927,Roots & Branches: A History of Yoga,1. A Brief History of Yoga with Daniel Simpson,Module 4,done,4680214,,540p,406037419,,2026-10-08 23:03
465404727,Roots & Branches: A History of Yoga,3. Roots & Branches II,Module 1,done,4680218,,540p,498243627,,2026-10-08 23:04
465406931,Roots & Branches: A History of Yoga,3. Roots & Branches II,Module 2,done,4680219,,540p,435986771,,2026-10-08 23:04
465409033,Roots & Branches: A History of Yoga,3. Roots & Branches II,Module 3,done,4680220,,540p,447647430,,2026-10-08 23:05
465413171,Roots & Branches: A History of Yoga,3. Roots & Branches II,Module 4,done,4680223,,540p,422489875,,2026-10-08 23:05
465443855,Roots & Branches: A History of Yoga,4. Roots & Branches III,Module 1,done,4680225,,540p,450644647,,2026-10-08 23:05
465445932,Roots & Branches: A History of Yoga,4. Roots & Branches III,Module 2,done,4680226,,540p,394829908,,2026-10-08 23:06
465435343,Roots & Branches: A History of Yoga,4. Roots & Branches III,Module 3,done,4680227,,540p,449784628,,2026-10-08 23:06
465439842,Roots & Branches: A History of Yoga,4. Roots & Branches III,Module 4,done,4680229,,540p,470173938,,2026-10-08 23:07
